{
"type": "FeatureCollection",
"name": "estruturas",
"crs": { "type": "name", "properties": { "name": "urn:ogc:def:crs:OGC:1.3:CRS84" } },
"features": [
{ "type": "Feature", "properties": { "id": null, "Name": null, "description": null, "timestamp": null, "begin": null, "end": null, "altitudeMode": null, "tessellate": -1, "extrude": 0, "visibility": -1, "drawOrder": null, "icon": null }, "geometry": { "type": "MultiPolygon", "coordinates": [ [ [ [ -38.193600271199401, -9.33998504733156 ], [ -38.193543297854703, -9.339296688083961 ], [ -38.193348322408397, -9.339297937376029 ], [ -38.193366047448997, -9.339521560583041 ], [ -38.193125493327003, -9.339529056330511 ], [ -38.193173604151397, -9.3400200274385 ], [ -38.193600271199401, -9.33998504733156 ] ] ] ] } },
{ "type": "Feature", "properties": { "id": null, "Name": null, "description": null, "timestamp": null, "begin": null, "end": null, "altitudeMode": null, "tessellate": -1, "extrude": 0, "visibility": -1, "drawOrder": null, "icon": null }, "geometry": { "type": "MultiPolygon", "coordinates": [ [ [ [ -38.178658061997801, -9.3409388786324 ], [ -38.1784504258083, -9.34102507936784 ], [ -38.178546647457097, -9.341239956470551 ], [ -38.178750485423699, -9.34115750364449 ], [ -38.178658061997801, -9.3409388786324 ] ] ] ] } },
{ "type": "Feature", "properties": { "id": null, "Name": null, "description": null, "timestamp": null, "begin": null, "end": null, "altitudeMode": null, "tessellate": -1, "extrude": 0, "visibility": -1, "drawOrder": null, "icon": null }, "geometry": { "type": "MultiPolygon", "coordinates": [ [ [ [ -38.161830668124097, -9.348596918681039 ], [ -38.1617015285428, -9.34848323612094 ], [ -38.1616660784617, -9.34852071389211 ], [ -38.161686335650899, -9.34853945277618 ], [ -38.161669876684698, -9.34855631777098 ], [ -38.161785722485497, -9.34865438457641 ], [ -38.161830668124097, -9.348596918681039 ] ] ] ] } },
{ "type": "Feature", "properties": { "id": null, "Name": null, "description": null, "timestamp": null, "begin": null, "end": null, "altitudeMode": null, "tessellate": -1, "extrude": 0, "visibility": -1, "drawOrder": null, "icon": null }, "geometry": { "type": "MultiPolygon", "coordinates": [ [ [ [ -38.158893780126, -9.3564976550023 ], [ -38.158821139111502, -9.35646181770546 ], [ -38.1587442250962, -9.35663046377605 ], [ -38.158812593109801, -9.35666208490519 ], [ -38.158893780126, -9.3564976550023 ] ] ] ] } },
{ "type": "Feature", "properties": { "id": null, "Name": null, "description": null, "timestamp": null, "begin": null, "end": null, "altitudeMode": null, "tessellate": -1, "extrude": 0, "visibility": -1, "drawOrder": null, "icon": null }, "geometry": { "type": "MultiPolygon", "coordinates": [ [ [ [ -38.147931396440299, -9.35306779815037 ], [ -38.147897924600301, -9.35302142001404 ], [ -38.147739823568699, -9.35315563551285 ], [ -38.147780417076802, -9.353201310932571 ], [ -38.147931396440299, -9.35306779815037 ] ] ] ] } },
{ "type": "Feature", "properties": { "id": null, "Name": null, "description": null, "timestamp": null, "begin": null, "end": null, "altitudeMode": null, "tessellate": -1, "extrude": 0, "visibility": -1, "drawOrder": null, "icon": null }, "geometry": { "type": "MultiPolygon", "coordinates": [ [ [ [ -38.114858013762699, -9.356024391578661 ], [ -38.114752256991601, -9.355895798733121 ], [ -38.114716292567799, -9.35592355511637 ], [ -38.114824541922701, -9.35605495872348 ], [ -38.114858013762699, -9.356024391578661 ] ] ] ] } },
{ "type": "Feature", "properties": { "id": null, "Name": null, "description": null, "timestamp": null, "begin": null, "end": null, "altitudeMode": null, "tessellate": -1, "extrude": 0, "visibility": -1, "drawOrder": null, "icon": null }, "geometry": { "type": "MultiPolygon", "coordinates": [ [ [ [ -38.114958073199297, -9.355966770746649 ], [ -38.114837004841803, -9.355821313237991 ], [ -38.114765788160902, -9.355880339480731 ], [ -38.1148804470171, -9.3560264996577 ], [ -38.114958073199297, -9.355966770746649 ] ] ] ] } },
{ "type": "Feature", "properties": { "id": null, "Name": null, "description": null, "timestamp": null, "begin": null, "end": null, "altitudeMode": null, "tessellate": -1, "extrude": 0, "visibility": -1, "drawOrder": null, "icon": null }, "geometry": { "type": "MultiPolygon", "coordinates": [ [ [ [ -38.114786440998401, -9.355829042865579 ], [ -38.114762939493701, -9.3557974216607 ], [ -38.114723770319202, -9.355824826705099 ], [ -38.1147494083244, -9.3558578532942 ], [ -38.114786440998401, -9.355829042865579 ] ] ] ] } },
{ "type": "Feature", "properties": { "id": null, "Name": null, "description": null, "timestamp": null, "begin": null, "end": null, "altitudeMode": null, "tessellate": -1, "extrude": 0, "visibility": -1, "drawOrder": null, "icon": null }, "geometry": { "type": "MultiPolygon", "coordinates": [ [ [ [ -38.101974560110598, -9.352208044875519 ], [ -38.101777289904597, -9.3521567477188 ], [ -38.101763758735203, -9.35220031516746 ], [ -38.101958180274003, -9.35225653122218 ], [ -38.101974560110598, -9.352208044875519 ] ] ] ] } },
{ "type": "Feature", "properties": { "id": null, "Name": null, "description": null, "timestamp": null, "begin": null, "end": null, "altitudeMode": null, "tessellate": -1, "extrude": 0, "visibility": -1, "drawOrder": null, "icon": null }, "geometry": { "type": "MultiPolygon", "coordinates": [ [ [ [ -38.099233073980599, -9.33095983468171 ], [ -38.0990276138564, -9.330907128908089 ], [ -38.099014794853801, -9.33095596959191 ], [ -38.099220967144902, -9.331009026729889 ], [ -38.099233073980599, -9.33095983468171 ] ] ] ] } },
{ "type": "Feature", "properties": { "id": null, "Name": null, "description": null, "timestamp": null, "begin": null, "end": null, "altitudeMode": null, "tessellate": -1, "extrude": 0, "visibility": -1, "drawOrder": null, "icon": null }, "geometry": { "type": "MultiPolygon", "coordinates": [ [ [ [ -38.090592710174498, -9.3264900054013 ], [ -38.090444579478302, -9.32639091727048 ], [ -38.090393303468097, -9.32647243658583 ], [ -38.090540009830697, -9.326567308178859 ], [ -38.090592710174498, -9.3264900054013 ] ] ] ] } },
{ "type": "Feature", "properties": { "id": null, "Name": null, "description": null, "timestamp": null, "begin": null, "end": null, "altitudeMode": null, "tessellate": -1, "extrude": 0, "visibility": -1, "drawOrder": null, "icon": null }, "geometry": { "type": "MultiPolygon", "coordinates": [ [ [ [ -38.090524342160897, -9.326572930198379 ], [ -38.090385469633198, -9.326482275122601 ], [ -38.090364104628897, -9.32652022376184 ], [ -38.090500840656198, -9.32661298708482 ], [ -38.090524342160897, -9.326572930198379 ] ] ] ] } },
{ "type": "Feature", "properties": { "id": null, "Name": null, "description": null, "timestamp": null, "begin": null, "end": null, "altitudeMode": null, "tessellate": -1, "extrude": 0, "visibility": -1, "drawOrder": null, "icon": null }, "geometry": { "type": "MultiPolygon", "coordinates": [ [ [ [ -38.090401493386402, -9.3264112971011 ], [ -38.090368021546396, -9.326389511764869 ], [ -38.090344520041697, -9.326428163166931 ], [ -38.0903783479651, -9.3264495971244 ], [ -38.090401493386402, -9.3264112971011 ] ] ] ] } },
{ "type": "Feature", "properties": { "id": null, "Name": null, "description": null, "timestamp": null, "begin": null, "end": null, "altitudeMode": null, "tessellate": -1, "extrude": 0, "visibility": -1, "drawOrder": null, "icon": null }, "geometry": { "type": "MultiPolygon", "coordinates": [ [ [ [ -38.087479116887103, -9.328648151963559 ], [ -38.087435674711699, -9.328621096154761 ], [ -38.085749975875601, -9.331220552458049 ], [ -38.085789857216902, -9.33125077040874 ], [ -38.087479116887103, -9.328648151963559 ] ] ] ] } },
{ "type": "Feature", "properties": { "id": null, "Name": null, "description": null, "timestamp": null, "begin": null, "end": null, "altitudeMode": null, "tessellate": -1, "extrude": 0, "visibility": -1, "drawOrder": null, "icon": null }, "geometry": { "type": "MultiPolygon", "coordinates": [ [ [ [ -38.076803024258403, -9.337115814224241 ], [ -38.076772401085698, -9.33708173176011 ], [ -38.075973349926301, -9.337822058349399 ], [ -38.076002370723799, -9.33785631642354 ], [ -38.076803024258403, -9.337115814224241 ] ] ] ] } },
{ "type": "Feature", "properties": { "id": null, "Name": null, "description": null, "timestamp": null, "begin": null, "end": null, "altitudeMode": null, "tessellate": -1, "extrude": 0, "visibility": -1, "drawOrder": null, "icon": null }, "geometry": { "type": "MultiPolygon", "coordinates": [ [ [ [ -38.071578568550102, -9.342190199157081 ], [ -38.0713902004292, -9.342112548483559 ], [ -38.071369903675098, -9.34216033351546 ], [ -38.071558983962802, -9.342241497782579 ], [ -38.071578568550102, -9.342190199157081 ] ] ] ] } },
{ "type": "Feature", "properties": { "id": null, "Name": null, "description": null, "timestamp": null, "begin": null, "end": null, "altitudeMode": null, "tessellate": -1, "extrude": 0, "visibility": -1, "drawOrder": null, "icon": null }, "geometry": { "type": "MultiPolygon", "coordinates": [ [ [ [ -38.0363174094363, -9.362567807359101 ], [ -38.036200614079704, -9.36243500085371 ], [ -38.036127973065199, -9.362499647412941 ], [ -38.036247617089103, -9.362633859252931 ], [ -38.0363174094363, -9.362567807359101 ] ] ] ] } },
{ "type": "Feature", "properties": { "id": null, "Name": null, "description": null, "timestamp": null, "begin": null, "end": null, "altitudeMode": null, "tessellate": -1, "extrude": 0, "visibility": -1, "drawOrder": null, "icon": null }, "geometry": { "type": "MultiPolygon", "coordinates": [ [ [ [ -38.036234085919702, -9.362650020884621 ], [ -38.0361180027299, -9.36251721441065 ], [ -38.036082394389503, -9.36255305108323 ], [ -38.036201326246498, -9.362682344145741 ], [ -38.036234085919702, -9.362650020884621 ] ] ] ] } },
{ "type": "Feature", "properties": { "id": null, "Name": null, "description": null, "timestamp": null, "begin": null, "end": null, "altitudeMode": null, "tessellate": -1, "extrude": 0, "visibility": -1, "drawOrder": null, "icon": null }, "geometry": { "type": "MultiPolygon", "coordinates": [ [ [ [ -38.036139723817598, -9.362457662284809 ], [ -38.036112483437201, -9.362426393022901 ], [ -38.036075628804802, -9.362460648674841 ], [ -38.0361034033103, -9.36249068824376 ], [ -38.036139723817598, -9.362457662284809 ] ] ] ] } },
{ "type": "Feature", "properties": { "id": null, "Name": null, "description": null, "timestamp": null, "begin": null, "end": null, "altitudeMode": null, "tessellate": -1, "extrude": 0, "visibility": -1, "drawOrder": null, "icon": null }, "geometry": { "type": "MultiPolygon", "coordinates": [ [ [ [ -38.026693721309201, -9.34011997708887 ], [ -38.026480071266597, -9.3401319234158 ], [ -38.026482919933898, -9.340186735969411 ], [ -38.026696569976501, -9.34018041144444 ], [ -38.026693721309201, -9.34011997708887 ] ] ] ] } },
{ "type": "Feature", "properties": { "id": null, "Name": null, "description": null, "timestamp": null, "begin": null, "end": null, "altitudeMode": null, "tessellate": -1, "extrude": 0, "visibility": -1, "drawOrder": null, "icon": null }, "geometry": { "type": "MultiPolygon", "coordinates": [ [ [ [ -38.0258177561346, -9.325001220839461 ], [ -38.025660723353297, -9.32492022824718 ], [ -38.0240708109529, -9.32341369232832 ], [ -38.023977517101002, -9.32326470743158 ], [ -38.023873184663501, -9.32336133679402 ], [ -38.024038763446498, -9.32344988440448 ], [ -38.0256261832631, -9.32495062243261 ], [ -38.025720189281799, -9.325106634163509 ], [ -38.0258177561346, -9.325001220839461 ] ] ] ] } },
{ "type": "Feature", "properties": { "id": null, "Name": null, "description": null, "timestamp": null, "begin": null, "end": null, "altitudeMode": null, "tessellate": -1, "extrude": 0, "visibility": -1, "drawOrder": null, "icon": null }, "geometry": { "type": "MultiPolygon", "coordinates": [ [ [ [ -38.021041253348898, -9.321793126780349 ], [ -38.020881490594803, -9.321806479259241 ], [ -38.0190856432923, -9.32150710250478 ], [ -38.018954960682898, -9.32144701629425 ], [ -38.018918996259103, -9.32156964837376 ], [ -38.019079233790997, -9.321554890360741 ], [ -38.020859650812703, -9.321856375360021 ], [ -38.021017751844198, -9.32193508468759 ], [ -38.021041253348898, -9.321793126780349 ] ] ] ] } },
{ "type": "Feature", "properties": { "id": null, "Name": null, "description": null, "timestamp": null, "begin": null, "end": null, "altitudeMode": null, "tessellate": -1, "extrude": 0, "visibility": -1, "drawOrder": null, "icon": null }, "geometry": { "type": "MultiPolygon", "coordinates": [ [ [ [ -38.016895492966697, -9.32168818096363 ], [ -38.016823801507996, -9.32152326604503 ], [ -38.016751160493499, -9.32155980969849 ], [ -38.016827124953103, -9.32172425609169 ], [ -38.016895492966697, -9.32168818096363 ] ] ] ] } },
{ "type": "Feature", "properties": { "id": null, "Name": null, "description": null, "timestamp": null, "begin": null, "end": null, "altitudeMode": null, "tessellate": -1, "extrude": 0, "visibility": -1, "drawOrder": null, "icon": null }, "geometry": { "type": "MultiPolygon", "coordinates": [ [ [ [ -38.009064981516602, -9.320730080419031 ], [ -38.008961479940403, -9.320683229469211 ], [ -38.008887414592301, -9.320848144784669 ], [ -38.008986168389796, -9.3208987437863 ], [ -38.009064981516602, -9.320730080419031 ] ] ] ] } },
{ "type": "Feature", "properties": { "id": null, "Name": null, "description": null, "timestamp": null, "begin": null, "end": null, "altitudeMode": null, "tessellate": -1, "extrude": 0, "visibility": -1, "drawOrder": null, "icon": null }, "geometry": { "type": "MultiPolygon", "coordinates": [ [ [ [ -38.008917325598297, -9.320665894616191 ], [ -38.008844684583799, -9.3208317469585 ], [ -38.008882666813598, -9.32084673925675 ], [ -38.008955782605902, -9.3206846349978 ], [ -38.008917325598297, -9.320665894616191 ] ] ] ] } },
{ "type": "Feature", "properties": { "id": null, "Name": null, "description": null, "timestamp": null, "begin": null, "end": null, "altitudeMode": null, "tessellate": -1, "extrude": 0, "visibility": -1, "drawOrder": null, "icon": null }, "geometry": { "type": "MultiPolygon", "coordinates": [ [ [ [ -38.009045040845898, -9.320654181877179 ], [ -38.008995189169298, -9.320629819378761 ], [ -38.0089785719438, -9.320670111202141 ], [ -38.0090284236204, -9.32069213115016 ], [ -38.009045040845898, -9.320654181877179 ] ] ] ] } },
{ "type": "Feature", "properties": { "id": null, "Name": null, "description": null, "timestamp": null, "begin": null, "end": null, "altitudeMode": null, "tessellate": -1, "extrude": 0, "visibility": -1, "drawOrder": null, "icon": null }, "geometry": { "type": "MultiPolygon", "coordinates": [ [ [ [ -37.987364848555103, -9.31594591134229 ], [ -37.987219672032303, -9.31593315681574 ], [ -37.986970958764601, -9.31585400372451 ], [ -37.986444646977901, -9.315690070545051 ], [ -37.986124283281697, -9.31559403646281 ], [ -37.985811797381302, -9.31550325424443 ], [ -37.985303867118098, -9.315383961907891 ], [ -37.984908476795098, -9.315319063875741 ], [ -37.984663514858802, -9.31529205429011 ], [ -37.984335648499801, -9.31527029656835 ], [ -37.984038543057899, -9.31526016797374 ], [ -37.983751566210501, -9.31526166850627 ], [ -37.983354675355002, -9.315276673831621 ], [ -37.982903765328203, -9.315322440073951 ], [ -37.982758963938601, -9.315308935281131 ], [ -37.982763465536202, -9.315433479481539 ], [ -37.982920271186103, -9.315380210576549 ], [ -37.983075576303499, -9.31535995338732 ], [ -37.983344921893497, -9.315336695133031 ], [ -37.983737311151501, -9.315314187145001 ], [ -37.984193473042097, -9.31531943900888 ], [ -37.984501832478102, -9.315332193535429 ], [ -37.984887469339597, -9.315374958712679 ], [ -37.985224338893801, -9.315431228682741 ], [ -37.985639986405999, -9.31551375797217 ], [ -37.9859716040962, -9.31560303965801 ], [ -37.986354239892698, -9.31572158172829 ], [ -37.987189286248501, -9.3159849251882 ], [ -37.987328085507997, -9.316065953945101 ], [ -37.987364848555103, -9.31594591134229 ] ] ] ] } },
{ "type": "Feature", "properties": { "id": null, "Name": null, "description": null, "timestamp": null, "begin": null, "end": null, "altitudeMode": null, "tessellate": -1, "extrude": 0, "visibility": -1, "drawOrder": null, "icon": null }, "geometry": { "type": "MultiPolygon", "coordinates": [ [ [ [ -37.982214645761402, -9.313236324717 ], [ -37.982159876323898, -9.313194309806009 ], [ -37.981062236774498, -9.31339162983438 ], [ -37.981379599405599, -9.315126245444979 ], [ -37.982787098923602, -9.314910168759919 ], [ -37.982685062711198, -9.31432946266883 ], [ -37.982419468452498, -9.31434296746164 ], [ -37.982214645761402, -9.313236324717 ] ] ] ] } },
{ "type": "Feature", "properties": { "id": null, "Name": null, "description": null, "timestamp": null, "begin": null, "end": null, "altitudeMode": null, "tessellate": -1, "extrude": 0, "visibility": -1, "drawOrder": null, "icon": null }, "geometry": { "type": "MultiPolygon", "coordinates": [ [ [ [ -37.982220647891602, -9.315179514349969 ], [ -37.981994817744997, -9.31521027526694 ], [ -37.982018075999299, -9.31541059636038 ], [ -37.982246156944697, -9.31538283650848 ], [ -37.982220647891602, -9.315179514349969 ] ] ] ] } },
{ "type": "Feature", "properties": { "id": null, "Name": null, "description": null, "timestamp": null, "begin": null, "end": null, "altitudeMode": null, "tessellate": -1, "extrude": 0, "visibility": -1, "drawOrder": null, "icon": null }, "geometry": { "type": "MultiPolygon", "coordinates": [ [ [ [ -37.9773079043716, -9.316635781175311 ], [ -37.977152599254197, -9.31669505221044 ], [ -37.976603404346399, -9.316764076707059 ], [ -37.976454851625398, -9.31675207244678 ], [ -37.976466105619402, -9.316866112919451 ], [ -37.976613157807797, -9.31680834241685 ], [ -37.977157100851798, -9.316740068186499 ], [ -37.977321409164396, -9.31675507351185 ], [ -37.9773079043716, -9.316635781175311 ] ] ] ] } },
{ "type": "Feature", "properties": { "id": null, "Name": null, "description": null, "timestamp": null, "begin": null, "end": null, "altitudeMode": null, "tessellate": -1, "extrude": 0, "visibility": -1, "drawOrder": null, "icon": null }, "geometry": { "type": "MultiPolygon", "coordinates": [ [ [ [ -37.958002896824098, -9.32070213056231 ], [ -37.957892326332903, -9.320655707837011 ], [ -37.957864894722498, -9.32076627832819 ], [ -37.957705791382097, -9.32109250347966 ], [ -37.957628138823402, -9.321192945376239 ], [ -37.9577429295624, -9.32124780859705 ], [ -37.9577665629498, -9.3211195130653 ], [ -37.957924400215802, -9.320790333740399 ], [ -37.958002896824098, -9.32070213056231 ] ] ] ] } },
{ "type": "Feature", "properties": { "id": null, "Name": null, "description": null, "timestamp": null, "begin": null, "end": null, "altitudeMode": null, "tessellate": -1, "extrude": 0, "visibility": -1, "drawOrder": null, "icon": null }, "geometry": { "type": "MultiPolygon", "coordinates": [ [ [ [ -37.961222945861202, -9.33220568189329 ], [ -37.961138540906099, -9.332212434289699 ], [ -37.961145715327298, -9.332374491803501 ], [ -37.961233496480602, -9.33236689535754 ], [ -37.961222945861202, -9.33220568189329 ] ] ] ] } },
{ "type": "Feature", "properties": { "id": null, "Name": null, "description": null, "timestamp": null, "begin": null, "end": null, "altitudeMode": null, "tessellate": -1, "extrude": 0, "visibility": -1, "drawOrder": null, "icon": null }, "geometry": { "type": "MultiPolygon", "coordinates": [ [ [ [ -37.961114907518699, -9.332212434289699 ], [ -37.961070594917302, -9.33221454441358 ], [ -37.961080723511898, -9.332377445976929 ], [ -37.961124614088497, -9.332375335853049 ], [ -37.961114907518699, -9.332212434289699 ] ] ] ] } },
{ "type": "Feature", "properties": { "id": null, "Name": null, "description": null, "timestamp": null, "begin": null, "end": null, "altitudeMode": null, "tessellate": -1, "extrude": 0, "visibility": -1, "drawOrder": null, "icon": null }, "geometry": { "type": "MultiPolygon", "coordinates": [ [ [ [ -37.961181376420903, -9.332138579953989 ], [ -37.961134320658402, -9.33214026805309 ], [ -37.961135164707898, -9.33217719522094 ], [ -37.961182009458, -9.33217424104752 ], [ -37.961181376420903, -9.332138579953989 ] ] ] ] } },
{ "type": "Feature", "properties": { "id": null, "Name": null, "description": null, "timestamp": null, "begin": null, "end": null, "altitudeMode": null, "tessellate": -1, "extrude": 0, "visibility": -1, "drawOrder": null, "icon": null }, "geometry": { "type": "MultiPolygon", "coordinates": [ [ [ [ -37.959818236395897, -9.33445802812021 ], [ -37.959619884751497, -9.334423422088619 ], [ -37.959610178181599, -9.334468156714831 ], [ -37.959811483999502, -9.33450529489507 ], [ -37.959818236395897, -9.33445802812021 ] ] ] ] } },
{ "type": "Feature", "properties": { "id": null, "Name": null, "description": null, "timestamp": null, "begin": null, "end": null, "altitudeMode": null, "tessellate": -1, "extrude": 0, "visibility": -1, "drawOrder": null, "icon": null }, "geometry": { "type": "MultiPolygon", "coordinates": [ [ [ [ -37.948784117290202, -9.3385208606341 ], [ -37.948575355701301, -9.338515514986939 ], [ -37.948572542202697, -9.338563344461511 ], [ -37.948782710541003, -9.338568971458511 ], [ -37.948784117290202, -9.3385208606341 ] ] ] ] } },
{ "type": "Feature", "properties": { "id": null, "Name": null, "description": null, "timestamp": null, "begin": null, "end": null, "altitudeMode": null, "tessellate": -1, "extrude": 0, "visibility": -1, "drawOrder": null, "icon": null }, "geometry": { "type": "MultiPolygon", "coordinates": [ [ [ [ -37.935802635195202, -9.341713337386 ], [ -37.935993953093401, -9.34162021058553 ], [ -37.935985793947701, -9.34160192284526 ], [ -37.935796445498397, -9.341696737744829 ], [ -37.935802635195202, -9.341713337386 ] ] ] ] } },
{ "type": "Feature", "properties": { "id": null, "Name": null, "description": null, "timestamp": null, "begin": null, "end": null, "altitudeMode": null, "tessellate": -1, "extrude": 0, "visibility": -1, "drawOrder": null, "icon": null }, "geometry": { "type": "MultiPolygon", "coordinates": [ [ [ [ -37.932422216743198, -9.34938209025694 ], [ -37.932246513761697, -9.34928094498574 ], [ -37.932222036324703, -9.3493270863612 ], [ -37.932398442680899, -9.349429779056569 ], [ -37.932422216743198, -9.34938209025694 ] ] ] ] } },
{ "type": "Feature", "properties": { "id": null, "Name": null, "description": null, "timestamp": null, "begin": null, "end": null, "altitudeMode": null, "tessellate": -1, "extrude": 0, "visibility": -1, "drawOrder": null, "icon": null }, "geometry": { "type": "MultiPolygon", "coordinates": [ [ [ [ -37.931822519537299, -9.350110082994719 ], [ -37.931772096368803, -9.350279965551319 ], [ -37.931573164440202, -9.350624100379161 ], [ -37.931449590310599, -9.350844608324371 ], [ -37.9312882713402, -9.35113443383894 ], [ -37.931118300861897, -9.35143523199768 ], [ -37.930930394330602, -9.35175797544475 ], [ -37.9307784654114, -9.352026594214371 ], [ -37.9306155638481, -9.35231842434664 ], [ -37.9304585706316, -9.35259105235162 ], [ -37.930407505633703, -9.352674613257181 ], [ -37.930287439585101, -9.35285101961334 ], [ -37.930231943327101, -9.352926351035769 ], [ -37.930091409076901, -9.35309917018134 ], [ -37.930012912468598, -9.353184208173611 ], [ -37.929896644643001, -9.353299209924939 ], [ -37.929793459585397, -9.353389945251671 ], [ -37.929532648274098, -9.353590618032429 ], [ -37.929289562003397, -9.353763859202781 ], [ -37.928793682892199, -9.354112029642581 ], [ -37.928242940560096, -9.354506200782909 ], [ -37.9278900223416, -9.354754562363301 ], [ -37.927693859950601, -9.35489327663171 ], [ -37.927483295964201, -9.35504583858806 ], [ -37.927211723021202, -9.35524144707151 ], [ -37.926976338702602, -9.3554088854012 ], [ -37.926679971803999, -9.355617154627931 ], [ -37.926218909736697, -9.3559452788909 ], [ -37.925623432778401, -9.35636667062926 ], [ -37.925150131992702, -9.35670344640014 ], [ -37.924866531343497, -9.35690316962515 ], [ -37.924616059639199, -9.357079364968939 ], [ -37.924328871779501, -9.357292065455811 ], [ -37.924053922638201, -9.357518692760269 ], [ -37.923920562809201, -9.35762968527623 ], [ -37.9236835958977, -9.357841541713549 ], [ -37.923563318836699, -9.35795464435339 ], [ -37.923209240049999, -9.358319906796609 ], [ -37.922846509755402, -9.35871428894934 ], [ -37.922572193651298, -9.359007807180721 ], [ -37.922351263681399, -9.35924646219128 ], [ -37.922076736564897, -9.35954061345983 ], [ -37.921924385620898, -9.35963409194761 ], [ -37.922040231421803, -9.35973411181941 ], [ -37.922121365684902, -9.359575324997611 ], [ -37.922342928691997, -9.35934046821003 ], [ -37.922702915825603, -9.35895178339177 ], [ -37.922941430161202, -9.358695614353021 ], [ -37.923305778217397, -9.358301443212691 ], [ -37.923477964325798, -9.35811715906071 ], [ -37.923761846324801, -9.357846781854519 ], [ -37.924128726529702, -9.357527731124231 ], [ -37.924281499498399, -9.35740393719008 ], [ -37.924458468554299, -9.357266075763411 ], [ -37.924713652868498, -9.357081228911721 ], [ -37.924936481949999, -9.35692592379433 ], [ -37.925968191851197, -9.35619511755805 ], [ -37.926299621974898, -9.35596272258166 ], [ -37.926532438976103, -9.35579658549503 ], [ -37.926978659838703, -9.355482036362339 ], [ -37.927337380897903, -9.35522108437614 ], [ -37.927829180436298, -9.35487080381245 ], [ -37.928074095481101, -9.35469946175359 ], [ -37.928294814438701, -9.354540077063371 ], [ -37.928587980982698, -9.354329346025461 ], [ -37.928876645929201, -9.354123960634711 ], [ -37.929233960239102, -9.3538735592679 ], [ -37.929543445074501, -9.35365213693567 ], [ -37.929750518564397, -9.35349866059231 ], [ -37.929916796325898, -9.35335700094266 ], [ -37.930015972148198, -9.353262045368171 ], [ -37.9301513014262, -9.35311658749554 ], [ -37.930245834975899, -9.35300081203212 ], [ -37.930316313113401, -9.352907966581499 ], [ -37.930399029969401, -9.352790080994209 ], [ -37.930485826398296, -9.352656861840069 ], [ -37.930650416060701, -9.352372135791519 ], [ -37.9308050178035, -9.35209669428802 ], [ -37.930961588995203, -9.35181900198573 ], [ -37.9311225211096, -9.351538214835079 ], [ -37.931600815855198, -9.35069529068344 ], [ -37.931821956837503, -9.35030984138846 ], [ -37.9319426559234, -9.35017732560895 ], [ -37.931822519537299, -9.350110082994719 ] ] ] ] } },
{ "type": "Feature", "properties": { "id": null, "Name": null, "description": null, "timestamp": null, "begin": null, "end": null, "altitudeMode": null, "tessellate": -1, "extrude": 0, "visibility": -1, "drawOrder": null, "icon": null }, "geometry": { "type": "MultiPolygon", "coordinates": [ [ [ [ -37.920189257133998, -9.3609339810083 ], [ -37.920115508304498, -9.3609719632381 ], [ -37.920194321431403, -9.361124841713011 ], [ -37.920265538112197, -9.361085593408889 ], [ -37.920189257133998, -9.3609339810083 ] ] ] ] } },
{ "type": "Feature", "properties": { "id": null, "Name": null, "description": null, "timestamp": null, "begin": null, "end": null, "altitudeMode": null, "tessellate": -1, "extrude": 0, "visibility": -1, "drawOrder": null, "icon": null }, "geometry": { "type": "MultiPolygon", "coordinates": [ [ [ [ -37.920093352003803, -9.360983990944201 ], [ -37.920057743663399, -9.361002982059089 ], [ -37.920134657678702, -9.36115586053401 ], [ -37.9201718486121, -9.361138452012019 ], [ -37.920093352003803, -9.360983990944201 ] ] ] ] } },
{ "type": "Feature", "properties": { "id": null, "Name": null, "description": null, "timestamp": null, "begin": null, "end": null, "altitudeMode": null, "tessellate": -1, "extrude": 0, "visibility": -1, "drawOrder": null, "icon": null }, "geometry": { "type": "MultiPolygon", "coordinates": [ [ [ [ -37.912884483048401, -9.35889306919408 ], [ -37.912666085227102, -9.35879937969392 ], [ -37.912454017777399, -9.35929441475556 ], [ -37.912662287004103, -9.35938557210706 ], [ -37.912884483048401, -9.35889306919408 ] ] ] ] } },
{ "type": "Feature", "properties": { "id": null, "Name": null, "description": null, "timestamp": null, "begin": null, "end": null, "altitudeMode": null, "tessellate": -1, "extrude": 0, "visibility": -1, "drawOrder": null, "icon": null }, "geometry": { "type": "MultiPolygon", "coordinates": [ [ [ [ -37.913006026183702, -9.35922034940746 ], [ -37.912934492984299, -9.359189330586471 ], [ -37.912825610592201, -9.35944950886055 ], [ -37.912899675940302, -9.359485591978849 ], [ -37.913006026183702, -9.35922034940746 ] ] ] ] } },
{ "type": "Feature", "properties": { "id": null, "Name": null, "description": null, "timestamp": null, "begin": null, "end": null, "altitudeMode": null, "tessellate": -1, "extrude": 0, "visibility": -1, "drawOrder": null, "icon": null }, "geometry": { "type": "MultiPolygon", "coordinates": [ [ [ [ -37.912762306875898, -9.35957485021887 ], [ -37.912498963415999, -9.35946090352949 ], [ -37.912433127550997, -9.35961599763448 ], [ -37.912699003159602, -9.35972931128669 ], [ -37.912762306875898, -9.35957485021887 ] ] ] ] } },
{ "type": "Feature", "properties": { "id": null, "Name": null, "description": null, "timestamp": null, "begin": null, "end": null, "altitudeMode": null, "tessellate": -1, "extrude": 0, "visibility": -1, "drawOrder": null, "icon": null }, "geometry": { "type": "MultiPolygon", "coordinates": [ [ [ [ -37.912541693424501, -9.359747985883009 ], [ -37.912417618140502, -9.359721398322151 ], [ -37.912343869311002, -9.360236374054431 ], [ -37.912454650814603, -9.360257897317981 ], [ -37.912541693424501, -9.359747985883009 ] ] ] ] } },
{ "type": "Feature", "properties": { "id": null, "Name": null, "description": null, "timestamp": null, "begin": null, "end": null, "altitudeMode": null, "tessellate": -1, "extrude": 0, "visibility": -1, "drawOrder": null, "icon": null }, "geometry": { "type": "MultiPolygon", "coordinates": [ [ [ [ -37.912431070180297, -9.36032943051743 ], [ -37.912337538939397, -9.360318985404239 ], [ -37.912325352974001, -9.36040365412482 ], [ -37.912419675511302, -9.360416631386659 ], [ -37.912431070180297, -9.36032943051743 ] ] ] ] } },
{ "type": "Feature", "properties": { "id": null, "Name": null, "description": null, "timestamp": null, "begin": null, "end": null, "altitudeMode": null, "tessellate": -1, "extrude": 0, "visibility": -1, "drawOrder": null, "icon": null }, "geometry": { "type": "MultiPolygon", "coordinates": [ [ [ [ -37.912655798373201, -9.360355068522541 ], [ -37.912472217595898, -9.36033512785189 ], [ -37.912454176036697, -9.36046363439603 ], [ -37.912635857702597, -9.360488006326809 ], [ -37.912655798373201, -9.360355068522541 ] ] ] ] } },
{ "type": "Feature", "properties": { "id": null, "Name": null, "description": null, "timestamp": null, "begin": null, "end": null, "altitudeMode": null, "tessellate": -1, "extrude": 0, "visibility": -1, "drawOrder": null, "icon": null }, "geometry": { "type": "MultiPolygon", "coordinates": [ [ [ [ -37.913144186544599, -9.36040919319999 ], [ -37.9127020100861, -9.36034968770665 ], [ -37.9126855511199, -9.360461418765951 ], [ -37.913131209282803, -9.36051269477618 ], [ -37.913144186544599, -9.36040919319999 ] ] ] ] } },
{ "type": "Feature", "properties": { "id": null, "Name": null, "description": null, "timestamp": null, "begin": null, "end": null, "altitudeMode": null, "tessellate": -1, "extrude": 0, "visibility": -1, "drawOrder": null, "icon": null }, "geometry": { "type": "MultiPolygon", "coordinates": [ [ [ [ -37.9034136668024, -9.357684495743261 ], [ -37.903417465025299, -9.357507667362331 ], [ -37.903400162009497, -9.357507245337549 ], [ -37.903394253662697, -9.357684073718479 ], [ -37.9034136668024, -9.357684495743261 ] ] ] ] } },
{ "type": "Feature", "properties": { "id": null, "Name": null, "description": null, "timestamp": null, "begin": null, "end": null, "altitudeMode": null, "tessellate": -1, "extrude": 0, "visibility": -1, "drawOrder": null, "icon": null }, "geometry": { "type": "MultiPolygon", "coordinates": [ [ [ [ -37.900560884826298, -9.356924218110221 ], [ -37.900506865654997, -9.356760261484951 ], [ -37.900491461750697, -9.356766169831801 ], [ -37.900544214847599, -9.356930337469461 ], [ -37.900560884826298, -9.356924218110221 ] ] ] ] } },
{ "type": "Feature", "properties": { "id": null, "Name": null, "description": null, "timestamp": null, "begin": null, "end": null, "altitudeMode": null, "tessellate": -1, "extrude": 0, "visibility": -1, "drawOrder": null, "icon": null }, "geometry": { "type": "MultiPolygon", "coordinates": [ [ [ [ -37.897617684042203, -9.35896618498632 ], [ -37.8975261046659, -9.358787668506301 ], [ -37.897480525990098, -9.358812145943279 ], [ -37.897575903589399, -9.358990240398519 ], [ -37.897617684042203, -9.35896618498632 ] ] ] ] } },
{ "type": "Feature", "properties": { "id": null, "Name": null, "description": null, "timestamp": null, "begin": null, "end": null, "altitudeMode": null, "tessellate": -1, "extrude": 0, "visibility": -1, "drawOrder": null, "icon": null }, "geometry": { "type": "MultiPolygon", "coordinates": [ [ [ [ -37.9068714212939, -9.35685099681165 ], [ -37.9068418795596, -9.356718481032161 ], [ -37.906724134647199, -9.35674042632048 ], [ -37.906753676381499, -9.35687547424863 ], [ -37.906787438363502, -9.356867877802671 ], [ -37.9067663371248, -9.356776720451171 ], [ -37.906822466419897, -9.35676574780701 ], [ -37.906843567658697, -9.356856483133731 ], [ -37.9068714212939, -9.35685099681165 ] ] ] ] } },
{ "type": "Feature", "properties": { "id": null, "Name": null, "description": null, "timestamp": null, "begin": null, "end": null, "altitudeMode": null, "tessellate": -1, "extrude": 0, "visibility": -1, "drawOrder": null, "icon": null }, "geometry": { "type": "MultiPolygon", "coordinates": [ [ [ [ -37.906811493775699, -9.35649734004981 ], [ -37.9067899705122, -9.356385081459541 ], [ -37.906763382951297, -9.356388879682511 ], [ -37.9067735115459, -9.356455559597039 ], [ -37.906710207829597, -9.35646737629075 ], [ -37.906700501259799, -9.35639900827713 ], [ -37.906667583327298, -9.356403650549661 ], [ -37.906677289897097, -9.35652477166022 ], [ -37.906811493775699, -9.35649734004981 ] ] ] ] } },
{ "type": "Feature", "properties": { "id": null, "Name": null, "description": null, "timestamp": null, "begin": null, "end": null, "altitudeMode": null, "tessellate": -1, "extrude": 0, "visibility": -1, "drawOrder": null, "icon": null }, "geometry": { "type": "MultiPolygon", "coordinates": [ [ [ [ -37.892876657714503, -9.35607784742299 ], [ -37.892711329508799, -9.35599721431438 ], [ -37.892451784271898, -9.35578736249477 ], [ -37.892180527847501, -9.355571180303521 ], [ -37.892030498039802, -9.355448687612441 ], [ -37.891800389030898, -9.355256560833411 ], [ -37.8916247212182, -9.355108746655789 ], [ -37.890990417980603, -9.354557054768049 ], [ -37.889941950179001, -9.353632662250449 ], [ -37.889542028951098, -9.353277607531529 ], [ -37.8895369646538, -9.353272226715641 ], [ -37.889444224709401, -9.35312646990881 ], [ -37.889345470911898, -9.35323218711507 ], [ -37.889512117945202, -9.353313374131259 ], [ -37.889727983617803, -9.353502177465179 ], [ -37.890260684390697, -9.353969042373061 ], [ -37.890627371167497, -9.35429173306702 ], [ -37.890855475558602, -9.35449419945305 ], [ -37.891121456673297, -9.35472420295568 ], [ -37.891639281072798, -9.35517640250259 ], [ -37.892099921115303, -9.35555875694916 ], [ -37.892685902516, -9.356033112796791 ], [ -37.892786344412599, -9.356180821468209 ], [ -37.892876657714503, -9.35607784742299 ] ] ] ] } },
{ "type": "Feature", "properties": { "id": null, "Name": null, "description": null, "timestamp": null, "begin": null, "end": null, "altitudeMode": null, "tessellate": -1, "extrude": 0, "visibility": -1, "drawOrder": null, "icon": null }, "geometry": { "type": "MultiPolygon", "coordinates": [ [ [ [ -37.859638619435003, -9.34553421782141 ], [ -37.8596066510583, -9.34546331765913 ], [ -37.859446176137403, -9.34553738300723 ], [ -37.859478777551303, -9.345606067539441 ], [ -37.859638619435003, -9.34553421782141 ] ] ] ] } },
{ "type": "Feature", "properties": { "id": null, "Name": null, "description": null, "timestamp": null, "begin": null, "end": null, "altitudeMode": null, "tessellate": -1, "extrude": 0, "visibility": -1, "drawOrder": null, "icon": null }, "geometry": { "type": "MultiPolygon", "coordinates": [ [ [ [ -37.859577531348798, -9.3454019130543 ], [ -37.859419272057998, -9.34547344625374 ], [ -37.8594360475428, -9.34551332759502 ], [ -37.859592724240699, -9.34544179439558 ], [ -37.859577531348798, -9.3454019130543 ] ] ] ] } },
{ "type": "Feature", "properties": { "id": null, "Name": null, "description": null, "timestamp": null, "begin": null, "end": null, "altitudeMode": null, "tessellate": -1, "extrude": 0, "visibility": -1, "drawOrder": null, "icon": null }, "geometry": { "type": "MultiPolygon", "coordinates": [ [ [ [ -37.859639885509402, -9.34548389136693 ], [ -37.859677867739201, -9.345466482844939 ], [ -37.8596585601057, -9.345426284985081 ], [ -37.859621210913097, -9.34544559261856 ], [ -37.859639885509402, -9.34548389136693 ] ] ] ] } },
{ "type": "Feature", "properties": { "id": null, "Name": null, "description": null, "timestamp": null, "begin": null, "end": null, "altitudeMode": null, "tessellate": -1, "extrude": 0, "visibility": -1, "drawOrder": null, "icon": null }, "geometry": { "type": "MultiPolygon", "coordinates": [ [ [ [ -37.852834736004802, -9.338206812657161 ], [ -37.852662233377799, -9.33819795013687 ], [ -37.850579857629398, -9.33753579326414 ], [ -37.8504326764889, -9.337441470726819 ], [ -37.850378868330097, -9.337571876382439 ], [ -37.850564981255999, -9.33757725719833 ], [ -37.8526473570045, -9.338235932366659 ], [ -37.852803717183797, -9.33833531920129 ], [ -37.852834736004802, -9.338206812657161 ] ] ] ] } },
{ "type": "Feature", "properties": { "id": null, "Name": null, "description": null, "timestamp": null, "begin": null, "end": null, "altitudeMode": null, "tessellate": -1, "extrude": 0, "visibility": -1, "drawOrder": null, "icon": null }, "geometry": { "type": "MultiPolygon", "coordinates": [ [ [ [ -37.843693679367902, -9.338185922430769 ], [ -37.843646518099199, -9.33817864250339 ], [ -37.843613600166698, -9.33837804920981 ], [ -37.8436617109911, -9.338385645655769 ], [ -37.843693679367902, -9.338185922430769 ] ] ] ] } },
{ "type": "Feature", "properties": { "id": null, "Name": null, "description": null, "timestamp": null, "begin": null, "end": null, "altitudeMode": null, "tessellate": -1, "extrude": 0, "visibility": -1, "drawOrder": null, "icon": null }, "geometry": { "type": "MultiPolygon", "coordinates": [ [ [ [ -37.825596412945799, -9.33406738264687 ], [ -37.825449864842497, -9.33392178409933 ], [ -37.825413148687097, -9.33395881677338 ], [ -37.825561279383201, -9.334107897025319 ], [ -37.825596412945799, -9.33406738264687 ] ] ] ] } },
{ "type": "Feature", "properties": { "id": null, "Name": null, "description": null, "timestamp": null, "begin": null, "end": null, "altitudeMode": null, "tessellate": -1, "extrude": 0, "visibility": -1, "drawOrder": null, "icon": null }, "geometry": { "type": "MultiPolygon", "coordinates": [ [ [ [ -37.810670029674299, -9.331419071674549 ], [ -37.8105253806824, -9.331524472362229 ], [ -37.809268168876301, -9.33205464098643 ], [ -37.809110542622697, -9.332069517359759 ], [ -37.809163717744397, -9.33220751946134 ], [ -37.809290958214198, -9.33209705447636 ], [ -37.810544055278797, -9.331567202370749 ], [ -37.810728269093303, -9.331544413032869 ], [ -37.810670029674299, -9.331419071674549 ] ] ] ] } },
{ "type": "Feature", "properties": { "id": null, "Name": null, "description": null, "timestamp": null, "begin": null, "end": null, "altitudeMode": null, "tessellate": -1, "extrude": 0, "visibility": -1, "drawOrder": null, "icon": null }, "geometry": { "type": "MultiPolygon", "coordinates": [ [ [ [ -37.806007394448599, -9.3321429496707 ], [ -37.8059023102795, -9.3320964214392 ], [ -37.805878254867302, -9.332156559969709 ], [ -37.8059801738505, -9.332205936868441 ], [ -37.806007394448599, -9.3321429496707 ] ] ] ] } },
{ "type": "Feature", "properties": { "id": null, "Name": null, "description": null, "timestamp": null, "begin": null, "end": null, "altitudeMode": null, "tessellate": -1, "extrude": 0, "visibility": -1, "drawOrder": null, "icon": null }, "geometry": { "type": "MultiPolygon", "coordinates": [ [ [ [ -37.805724954367598, -9.332095999414429 ], [ -37.805647723833701, -9.332062237432391 ], [ -37.805583576067797, -9.332217120524991 ], [ -37.805657008378702, -9.33225003845747 ], [ -37.805724954367598, -9.332095999414429 ] ] ] ] } },
{ "type": "Feature", "properties": { "id": null, "Name": null, "description": null, "timestamp": null, "begin": null, "end": null, "altitudeMode": null, "tessellate": -1, "extrude": 0, "visibility": -1, "drawOrder": null, "icon": null }, "geometry": { "type": "MultiPolygon", "coordinates": [ [ [ [ -37.805557832556502, -9.33220614788083 ], [ -37.805624090446202, -9.332053796936879 ], [ -37.805583154042999, -9.33203522784676 ], [ -37.805517740202802, -9.332187156765929 ], [ -37.805557832556502, -9.33220614788083 ] ] ] ] } },
{ "type": "Feature", "properties": { "id": null, "Name": null, "description": null, "timestamp": null, "begin": null, "end": null, "altitudeMode": null, "tessellate": -1, "extrude": 0, "visibility": -1, "drawOrder": null, "icon": null }, "geometry": { "type": "MultiPolygon", "coordinates": [ [ [ [ -37.8057198900703, -9.332008218261119 ], [ -37.805675999493602, -9.33199091524533 ], [ -37.805659540527401, -9.33203353974765 ], [ -37.805704275153602, -9.33204915466435 ], [ -37.8057198900703, -9.332008218261119 ] ] ] ] } },
{ "type": "Feature", "properties": { "id": null, "Name": null, "description": null, "timestamp": null, "begin": null, "end": null, "altitudeMode": null, "tessellate": -1, "extrude": 0, "visibility": -1, "drawOrder": null, "icon": null }, "geometry": { "type": "MultiPolygon", "coordinates": [ [ [ [ -37.8040841220405, -9.331408943079939 ], [ -37.80403812134, -9.33139016297744 ], [ -37.803967010165302, -9.33155665175136 ], [ -37.804014909977298, -9.331577330965359 ], [ -37.8040841220405, -9.331408943079939 ] ] ] ] } },
{ "type": "Feature", "properties": { "id": null, "Name": null, "description": null, "timestamp": null, "begin": null, "end": null, "altitudeMode": null, "tessellate": -1, "extrude": 0, "visibility": -1, "drawOrder": null, "icon": null }, "geometry": { "type": "MultiPolygon", "coordinates": [ [ [ [ -37.794877862576001, -9.32895107078761 ], [ -37.794827219603, -9.32895064876284 ], [ -37.7948225773304, -9.3291215687969 ], [ -37.794875330427402, -9.32912199082168 ], [ -37.794877862576001, -9.32895107078761 ] ] ] ] } },
{ "type": "Feature", "properties": { "id": null, "Name": null, "description": null, "timestamp": null, "begin": null, "end": null, "altitudeMode": null, "tessellate": -1, "extrude": 0, "visibility": -1, "drawOrder": null, "icon": null }, "geometry": { "type": "MultiPolygon", "coordinates": [ [ [ [ -37.788179063314999, -9.327629711215611 ], [ -37.788136860837497, -9.327617472497121 ], [ -37.788096346459, -9.32774661207841 ], [ -37.7879039031614, -9.327912889839951 ], [ -37.788216201495203, -9.3280082674392 ], [ -37.7881410810852, -9.327757584722571 ], [ -37.788179063314999, -9.327629711215611 ] ] ] ] } },
{ "type": "Feature", "properties": { "id": null, "Name": null, "description": null, "timestamp": null, "begin": null, "end": null, "altitudeMode": null, "tessellate": -1, "extrude": 0, "visibility": -1, "drawOrder": null, "icon": null }, "geometry": { "type": "MultiPolygon", "coordinates": [ [ [ [ -37.786702820650397, -9.32719333759777 ], [ -37.786482523717602, -9.32712328148504 ], [ -37.786414999753497, -9.32727436635466 ], [ -37.786163472987397, -9.327397597589091 ], [ -37.786688471807999, -9.327565563449729 ], [ -37.786646269330497, -9.327320789079961 ], [ -37.786702820650397, -9.32719333759777 ] ] ] ] } },
{ "type": "Feature", "properties": { "id": null, "Name": null, "description": null, "timestamp": null, "begin": null, "end": null, "altitudeMode": null, "tessellate": -1, "extrude": 0, "visibility": -1, "drawOrder": null, "icon": null }, "geometry": { "type": "MultiPolygon", "coordinates": [ [ [ [ -37.788388387603597, -9.327727620963509 ], [ -37.7882567158737, -9.327733529310359 ], [ -37.787991684314697, -9.327650812454371 ], [ -37.787914031756003, -9.327592573035361 ], [ -37.787867609030698, -9.32770567567519 ], [ -37.787971427125498, -9.327697235179681 ], [ -37.788231394387203, -9.327778263936571 ], [ -37.788343652977403, -9.32787279748627 ], [ -37.788388387603597, -9.327727620963509 ] ] ] ] } },
{ "type": "Feature", "properties": { "id": null, "Name": null, "description": null, "timestamp": null, "begin": null, "end": null, "altitudeMode": null, "tessellate": -1, "extrude": 0, "visibility": -1, "drawOrder": null, "icon": null }, "geometry": { "type": "MultiPolygon", "coordinates": [ [ [ [ -37.782161412041603, -9.327725510839629 ], [ -37.781965170520998, -9.327747034103179 ], [ -37.7806889676, -9.327561343201969 ], [ -37.779768953589397, -9.32741574465444 ], [ -37.778091405106899, -9.327109354667449 ], [ -37.7780770562646, -9.327165905987361 ], [ -37.779868973461198, -9.32748411266806 ], [ -37.781978253288997, -9.327806539596519 ], [ -37.7821276500595, -9.32789010050206 ], [ -37.782161412041603, -9.327725510839629 ] ] ] ] } },
{ "type": "Feature", "properties": { "id": null, "Name": null, "description": null, "timestamp": null, "begin": null, "end": null, "altitudeMode": null, "tessellate": -1, "extrude": 0, "visibility": -1, "drawOrder": null, "icon": null }, "geometry": { "type": "MultiPolygon", "coordinates": [ [ [ [ -37.771896503427897, -9.32505071781274 ], [ -37.771466038156902, -9.32495956046124 ], [ -37.7715217454273, -9.32473504328069 ], [ -37.771938705905399, -9.32482620063219 ], [ -37.771962339292799, -9.32475530046991 ], [ -37.7718711819413, -9.324648950226489 ], [ -37.771336054526103, -9.324529095190259 ], [ -37.771201006597899, -9.32509460838939 ], [ -37.771764831697901, -9.325206022930111 ], [ -37.771896503427897, -9.32505071781274 ] ] ] ] } },
{ "type": "Feature", "properties": { "id": null, "Name": null, "description": null, "timestamp": null, "begin": null, "end": null, "altitudeMode": null, "tessellate": -1, "extrude": 0, "visibility": -1, "drawOrder": null, "icon": null }, "geometry": { "type": "MultiPolygon", "coordinates": [ [ [ [ -37.747809017343201, -9.31962854349751 ], [ -37.747106768116801, -9.31950531226307 ], [ -37.747089887125803, -9.31957790052445 ], [ -37.747148970594303, -9.319702819857991 ], [ -37.747677345613198, -9.319807482002309 ], [ -37.747630078838398, -9.320026934885551 ], [ -37.747309340008997, -9.319956034723271 ], [ -37.7471658515854, -9.31985306067806 ], [ -37.7470561251437, -9.31983111538973 ], [ -37.746990289278799, -9.32000161339902 ], [ -37.747155722990698, -9.32014003752538 ], [ -37.747677345613198, -9.320256516363409 ], [ -37.747809017343201, -9.31962854349751 ] ] ] ] } },
{ "type": "Feature", "properties": { "id": null, "Name": null, "description": null, "timestamp": null, "begin": null, "end": null, "altitudeMode": null, "tessellate": -1, "extrude": 0, "visibility": -1, "drawOrder": null, "icon": null }, "geometry": { "type": "MultiPolygon", "coordinates": [ [ [ [ -37.737785454148003, -9.316522335643921 ], [ -37.737651566788003, -9.316301089155379 ], [ -37.737527174985502, -9.31638085183795 ], [ -37.737489192755703, -9.31631818115879 ], [ -37.737226165814398, -9.31646821096647 ], [ -37.737426522076497, -9.316820496147789 ], [ -37.737696195908001, -9.316664769005641 ], [ -37.737660112789698, -9.31659972443712 ], [ -37.737785454148003, -9.316522335643921 ] ] ] ] } },
{ "type": "Feature", "properties": { "id": null, "Name": null, "description": null, "timestamp": null, "begin": null, "end": null, "altitudeMode": null, "tessellate": -1, "extrude": 0, "visibility": -1, "drawOrder": null, "icon": null }, "geometry": { "type": "MultiPolygon", "coordinates": [ [ [ [ -37.728587898944603, -9.315760791936579 ], [ -37.728246058876501, -9.315858279659709 ], [ -37.728301766146799, -9.316102632004711 ], [ -37.728651202660899, -9.316003878207249 ], [ -37.728587898944603, -9.315760791936579 ] ] ] ] } },
{ "type": "Feature", "properties": { "id": null, "Name": null, "description": null, "timestamp": null, "begin": null, "end": null, "altitudeMode": null, "tessellate": -1, "extrude": 0, "visibility": -1, "drawOrder": null, "icon": null }, "geometry": { "type": "MultiPolygon", "coordinates": [ [ [ [ -37.728919610418103, -9.315949437011209 ], [ -37.728832251289603, -9.31593297804497 ], [ -37.7287360296408, -9.31637357191056 ], [ -37.7288208566207, -9.316386232653819 ], [ -37.728919610418103, -9.315949437011209 ] ] ] ] } },
{ "type": "Feature", "properties": { "id": null, "Name": null, "description": null, "timestamp": null, "begin": null, "end": null, "altitudeMode": null, "tessellate": -1, "extrude": 0, "visibility": -1, "drawOrder": null, "icon": null }, "geometry": { "type": "MultiPolygon", "coordinates": [ [ [ [ -37.722982987901602, -9.3177181428452 ], [ -37.722900060033197, -9.31774029914591 ], [ -37.722941840486001, -9.31792134777459 ], [ -37.723026667465902, -9.31790488880835 ], [ -37.722982987901602, -9.3177181428452 ] ] ] ] } },
{ "type": "Feature", "properties": { "id": null, "Name": null, "description": null, "timestamp": null, "begin": null, "end": null, "altitudeMode": null, "tessellate": -1, "extrude": 0, "visibility": -1, "drawOrder": null, "icon": null }, "geometry": { "type": "MultiPolygon", "coordinates": [ [ [ [ -37.722873472472401, -9.317750427740521 ], [ -37.722825361647999, -9.31776308848379 ], [ -37.7228677751379, -9.3179435040753 ], [ -37.722919051148097, -9.31792957725771 ], [ -37.722873472472401, -9.317750427740521 ] ] ] ] } },
{ "type": "Feature", "properties": { "id": null, "Name": null, "description": null, "timestamp": null, "begin": null, "end": null, "altitudeMode": null, "tessellate": -1, "extrude": 0, "visibility": -1, "drawOrder": null, "icon": null }, "geometry": { "type": "MultiPolygon", "coordinates": [ [ [ [ -37.722916518999497, -9.31765199046165 ], [ -37.722861761284797, -9.317667183353571 ], [ -37.722873155953799, -9.31771022988066 ], [ -37.722926014556897, -9.317695670025911 ], [ -37.722916518999497, -9.31765199046165 ] ] ] ] } },
{ "type": "Feature", "properties": { "id": null, "Name": null, "description": null, "timestamp": null, "begin": null, "end": null, "altitudeMode": null, "tessellate": -1, "extrude": 0, "visibility": -1, "drawOrder": null, "icon": null }, "geometry": { "type": "MultiPolygon", "coordinates": [ [ [ [ -37.716882725278403, -9.31756558088887 ], [ -37.7168276510452, -9.31755228710845 ], [ -37.716783971480901, -9.31773396877429 ], [ -37.716839678751299, -9.31774599648039 ], [ -37.716882725278403, -9.31756558088887 ] ] ] ] } },
{ "type": "Feature", "properties": { "id": null, "Name": null, "description": null, "timestamp": null, "begin": null, "end": null, "altitudeMode": null, "tessellate": -1, "extrude": 0, "visibility": -1, "drawOrder": null, "icon": null }, "geometry": { "type": "MultiPolygon", "coordinates": [ [ [ [ -37.711199001108497, -9.31638338398659 ], [ -37.7111436103568, -9.31637262235482 ], [ -37.711101829904003, -9.31654797364903 ], [ -37.711155638062898, -9.31656000135513 ], [ -37.711199001108497, -9.31638338398659 ] ] ] ] } },
{ "type": "Feature", "properties": { "id": null, "Name": null, "description": null, "timestamp": null, "begin": null, "end": null, "altitudeMode": null, "tessellate": -1, "extrude": 0, "visibility": -1, "drawOrder": null, "icon": null }, "geometry": { "type": "MultiPolygon", "coordinates": [ [ [ [ -37.698471155905203, -9.31651410616079 ], [ -37.698412916486198, -9.316510940974981 ], [ -37.698403420928699, -9.316691989603649 ], [ -37.698462926422003, -9.31669705390096 ], [ -37.698471155905203, -9.31651410616079 ] ] ] ] } },
{ "type": "Feature", "properties": { "id": null, "Name": null, "description": null, "timestamp": null, "begin": null, "end": null, "altitudeMode": null, "tessellate": -1, "extrude": 0, "visibility": -1, "drawOrder": null, "icon": null }, "geometry": { "type": "MultiPolygon", "coordinates": [ [ [ [ -37.707667286775099, -9.3159101887071 ], [ -37.707460916659798, -9.315869674328651 ], [ -37.707444457693597, -9.31597602457207 ], [ -37.707486238146402, -9.315986153166691 ], [ -37.707521688227501, -9.315913986930081 ], [ -37.707612845579, -9.315936776267961 ], [ -37.707602716984397, -9.316003878207249 ], [ -37.707650827808799, -9.316011474653211 ], [ -37.707667286775099, -9.3159101887071 ] ] ] ] } },
{ "type": "Feature", "properties": { "id": null, "Name": null, "description": null, "timestamp": null, "begin": null, "end": null, "altitudeMode": null, "tessellate": -1, "extrude": 0, "visibility": -1, "drawOrder": null, "icon": null }, "geometry": { "type": "MultiPolygon", "coordinates": [ [ [ [ -37.707515357855897, -9.315639248801251 ], [ -37.707531816822097, -9.31552403603755 ], [ -37.707488770295001, -9.315515173517261 ], [ -37.707471045254501, -9.31556581649032 ], [ -37.7074026772408, -9.315548091449751 ], [ -37.707405209389499, -9.315488585956411 ], [ -37.707371025382699, -9.31547972343612 ], [ -37.7073165841866, -9.315594936199821 ], [ -37.707515357855897, -9.315639248801251 ] ] ] ] } },
{ "type": "Feature", "properties": { "id": null, "Name": null, "description": null, "timestamp": null, "begin": null, "end": null, "altitudeMode": null, "tessellate": -1, "extrude": 0, "visibility": -1, "drawOrder": null, "icon": null }, "geometry": { "type": "MultiPolygon", "coordinates": [ [ [ [ -37.694683694557703, -9.31628747885636 ], [ -37.694505811114901, -9.316324511530411 ], [ -37.692386402692499, -9.316185876391669 ], [ -37.690159377952298, -9.316018438062001 ], [ -37.688135558141497, -9.31585574751106 ], [ -37.687986161371001, -9.31580130631502 ], [ -37.6879614729217, -9.315938042342269 ], [ -37.688020978414997, -9.31593297804497 ], [ -37.688138090290202, -9.315908289595599 ], [ -37.6902321772261, -9.316073512295199 ], [ -37.6944988477061, -9.316371039761901 ], [ -37.694672299888801, -9.31642168273496 ], [ -37.694683694557703, -9.31628747885636 ] ] ] ] } },
{ "type": "Feature", "properties": { "id": null, "Name": null, "description": null, "timestamp": null, "begin": null, "end": null, "altitudeMode": null, "tessellate": -1, "extrude": 0, "visibility": -1, "drawOrder": null, "icon": null }, "geometry": { "type": "MultiPolygon", "coordinates": [ [ [ [ -37.682755691810101, -9.31537274015551 ], [ -37.682699351502499, -9.315369574969701 ], [ -37.682687323796401, -9.31554112804093 ], [ -37.682743664104002, -9.31554619233823 ], [ -37.682755691810101, -9.31537274015551 ] ] ] ] } },
{ "type": "Feature", "properties": { "id": null, "Name": null, "description": null, "timestamp": null, "begin": null, "end": null, "altitudeMode": null, "tessellate": -1, "extrude": 0, "visibility": -1, "drawOrder": null, "icon": null }, "geometry": { "type": "MultiPolygon", "coordinates": [ [ [ [ -37.673951094425597, -9.32171988727238 ], [ -37.673773844019898, -9.32164392281279 ], [ -37.673745040828997, -9.32169836400883 ], [ -37.673925139901897, -9.32177464498699 ], [ -37.673951094425597, -9.32171988727238 ] ] ] ] } },
{ "type": "Feature", "properties": { "id": null, "Name": null, "description": null, "timestamp": null, "begin": null, "end": null, "altitudeMode": null, "tessellate": -1, "extrude": 0, "visibility": -1, "drawOrder": null, "icon": null }, "geometry": { "type": "MultiPolygon", "coordinates": [ [ [ [ -37.656565994812603, -9.327309288904891 ], [ -37.656471039238099, -9.327297894235951 ], [ -37.656448882937397, -9.32746754819569 ], [ -37.656540040288903, -9.32748084197612 ], [ -37.656565994812603, -9.327309288904891 ] ] ] ] } },
{ "type": "Feature", "properties": { "id": null, "Name": null, "description": null, "timestamp": null, "begin": null, "end": null, "altitudeMode": null, "tessellate": -1, "extrude": 0, "visibility": -1, "drawOrder": null, "icon": null }, "geometry": { "type": "MultiPolygon", "coordinates": [ [ [ [ -37.6564507820489, -9.327299160310281 ], [ -37.656400139075799, -9.327290930827161 ], [ -37.656374184552099, -9.32745805263824 ], [ -37.656429891822498, -9.32746374997271 ], [ -37.6564507820489, -9.327299160310281 ] ] ] ] } },
{ "type": "Feature", "properties": { "id": null, "Name": null, "description": null, "timestamp": null, "begin": null, "end": null, "altitudeMode": null, "tessellate": -1, "extrude": 0, "visibility": -1, "drawOrder": null, "icon": null }, "geometry": { "type": "MultiPolygon", "coordinates": [ [ [ [ -37.6565245308784, -9.327240920891271 ], [ -37.656474204423901, -9.32723554007538 ], [ -37.6564672410151, -9.32727668749099 ], [ -37.656516617913802, -9.327283017862619 ], [ -37.6565245308784, -9.327240920891271 ] ] ] ] } },
{ "type": "Feature", "properties": { "id": null, "Name": null, "description": null, "timestamp": null, "begin": null, "end": null, "altitudeMode": null, "tessellate": -1, "extrude": 0, "visibility": -1, "drawOrder": null, "icon": null }, "geometry": { "type": "MultiPolygon", "coordinates": [ [ [ [ -37.651198789224303, -9.328111980027829 ], [ -37.651029135264601, -9.328225293680051 ], [ -37.651155109660102, -9.32834367162957 ], [ -37.651175999886497, -9.328324680514671 ], [ -37.651155742697199, -9.328266441095661 ], [ -37.651220945524997, -9.32821643115976 ], [ -37.651264625089297, -9.32825757857537 ], [ -37.651293744798799, -9.32823605531182 ], [ -37.651198789224303, -9.328111980027829 ] ] ] ] } },
{ "type": "Feature", "properties": { "id": null, "Name": null, "description": null, "timestamp": null, "begin": null, "end": null, "altitudeMode": null, "tessellate": -1, "extrude": 0, "visibility": -1, "drawOrder": null, "icon": null }, "geometry": { "type": "MultiPolygon", "coordinates": [ [ [ [ -37.651054456751098, -9.32791890369305 ], [ -37.650982923551702, -9.32779672752056 ], [ -37.650957602065098, -9.32780812218949 ], [ -37.650963932436802, -9.3278562330139 ], [ -37.650901894794799, -9.32790244472681 ], [ -37.650867077750803, -9.327865728571339 ], [ -37.650849352710203, -9.32788915094638 ], [ -37.650913289463702, -9.32802272178782 ], [ -37.651054456751098, -9.32791890369305 ] ] ] ] } },
{ "type": "Feature", "properties": { "id": null, "Name": null, "description": null, "timestamp": null, "begin": null, "end": null, "altitudeMode": null, "tessellate": -1, "extrude": 0, "visibility": -1, "drawOrder": null, "icon": null }, "geometry": { "type": "MultiPolygon", "coordinates": [ [ [ [ -37.6345150947881, -9.35687877131676 ], [ -37.6343344681842, -9.35688172549019 ], [ -37.634339954506302, -9.35706150804454 ], [ -37.6345256454075, -9.357057709821561 ], [ -37.6345150947881, -9.35687877131676 ] ] ] ] } },
{ "type": "Feature", "properties": { "id": null, "Name": null, "description": null, "timestamp": null, "begin": null, "end": null, "altitudeMode": null, "tessellate": -1, "extrude": 0, "visibility": -1, "drawOrder": null, "icon": null }, "geometry": { "type": "MultiPolygon", "coordinates": [ [ [ [ -37.627712899457102, -9.366822097051591 ], [ -37.627670063942404, -9.366755628149461 ], [ -37.6276033840279, -9.366800362775651 ], [ -37.627610980473797, -9.366811968456981 ], [ -37.6276069712385, -9.366814078580861 ], [ -37.627340462592699, -9.366976136094641 ], [ -37.626874969265401, -9.36725425042167 ], [ -37.626181582559298, -9.367669522800741 ], [ -37.625762933982003, -9.367875048866379 ], [ -37.625751961337897, -9.367850571429409 ], [ -37.625675574853503, -9.36788602151055 ], [ -37.625713135058497, -9.36796620621789 ], [ -37.625789943567703, -9.367928223988089 ], [ -37.625778337886302, -9.367905856674991 ], [ -37.626083039774201, -9.36776152420178 ], [ -37.626219775801502, -9.36769146808906 ], [ -37.626344695135003, -9.36762225602588 ], [ -37.626973512050498, -9.36724327777751 ], [ -37.627325480713203, -9.36703142134022 ], [ -37.627630182601102, -9.366847418538111 ], [ -37.627644531443501, -9.36686936382644 ], [ -37.627712899457102, -9.366822097051591 ] ] ] ] } },
{ "type": "Feature", "properties": { "id": null, "Name": null, "description": null, "timestamp": null, "begin": null, "end": null, "altitudeMode": null, "tessellate": -1, "extrude": 0, "visibility": -1, "drawOrder": null, "icon": null }, "geometry": { "type": "MultiPolygon", "coordinates": [ [ [ [ -37.626476366864999, -9.36721669021666 ], [ -37.6264172833964, -9.36713734955887 ], [ -37.625798595075601, -9.36749438251891 ], [ -37.625850926147699, -9.36757119102805 ], [ -37.626476366864999, -9.36721669021666 ] ] ] ] } },
{ "type": "Feature", "properties": { "id": null, "Name": null, "description": null, "timestamp": null, "begin": null, "end": null, "altitudeMode": null, "tessellate": -1, "extrude": 0, "visibility": -1, "drawOrder": null, "icon": null }, "geometry": { "type": "MultiPolygon", "coordinates": [ [ [ [ -37.622072960357698, -9.37021306612249 ], [ -37.621982647055702, -9.37006113720332 ], [ -37.6218484431771, -9.37014216596021 ], [ -37.621939600528599, -9.37029409487938 ], [ -37.622072960357698, -9.37021306612249 ] ] ] ] } },
{ "type": "Feature", "properties": { "id": null, "Name": null, "description": null, "timestamp": null, "begin": null, "end": null, "altitudeMode": null, "tessellate": -1, "extrude": 0, "visibility": -1, "drawOrder": null, "icon": null }, "geometry": { "type": "MultiPolygon", "coordinates": [ [ [ [ -37.621662752275903, -9.37047640958238 ], [ -37.621565686577597, -9.370300003226239 ], [ -37.621468620879199, -9.370353178347941 ], [ -37.621564842528002, -9.370534649001399 ], [ -37.621662752275903, -9.37047640958238 ] ] ] ] } },
{ "type": "Feature", "properties": { "id": null, "Name": null, "description": null, "timestamp": null, "begin": null, "end": null, "altitudeMode": null, "tessellate": -1, "extrude": 0, "visibility": -1, "drawOrder": null, "icon": null }, "geometry": { "type": "MultiPolygon", "coordinates": [ [ [ [ -37.6215462734379, -9.370540557348249 ], [ -37.621447519640398, -9.37036161884345 ], [ -37.621408693361097, -9.370390316528191 ], [ -37.621508291208102, -9.370568410983431 ], [ -37.6215462734379, -9.370540557348249 ] ] ] ] } },
{ "type": "Feature", "properties": { "id": null, "Name": null, "description": null, "timestamp": null, "begin": null, "end": null, "altitudeMode": null, "tessellate": -1, "extrude": 0, "visibility": -1, "drawOrder": null, "icon": null }, "geometry": { "type": "MultiPolygon", "coordinates": [ [ [ [ -37.621500061725001, -9.370313930043819 ], [ -37.621476850362299, -9.37027257161583 ], [ -37.621433803835203, -9.370297682089969 ], [ -37.621458281272197, -9.37033819646841 ], [ -37.621500061725001, -9.370313930043819 ] ] ] ] } },
{ "type": "Feature", "properties": { "id": null, "Name": null, "description": null, "timestamp": null, "begin": null, "end": null, "altitudeMode": null, "tessellate": -1, "extrude": 0, "visibility": -1, "drawOrder": null, "icon": null }, "geometry": { "type": "MultiPolygon", "coordinates": [ [ [ [ -37.606062278209201, -9.39050125072024 ], [ -37.605888216435098, -9.390412719300681 ], [ -37.605858580917598, -9.39046336227374 ], [ -37.606034518357298, -9.390551518560169 ], [ -37.606062278209201, -9.39050125072024 ] ] ] ] } },
{ "type": "Feature", "properties": { "id": null, "Name": null, "description": null, "timestamp": null, "begin": null, "end": null, "altitudeMode": null, "tessellate": -1, "extrude": 0, "visibility": -1, "drawOrder": null, "icon": null }, "geometry": { "type": "MultiPolygon", "coordinates": [ [ [ [ -37.604086858388101, -9.402248982459 ], [ -37.604044843477098, -9.402222723139641 ], [ -37.603958937989503, -9.402377277990739 ], [ -37.6040043290987, -9.4024046627095 ], [ -37.604086858388101, -9.402248982459 ] ] ] ] } },
{ "type": "Feature", "properties": { "id": null, "Name": null, "description": null, "timestamp": null, "begin": null, "end": null, "altitudeMode": null, "tessellate": -1, "extrude": 0, "visibility": -1, "drawOrder": null, "icon": null }, "geometry": { "type": "MultiPolygon", "coordinates": [ [ [ [ -37.612462455865497, -9.42446886823774 ], [ -37.6126143847846, -9.42434169810539 ], [ -37.612579872536301, -9.42430193399322 ], [ -37.612428693883402, -9.424432480323761 ], [ -37.612462455865497, -9.42446886823774 ] ] ] ] } },
{ "type": "Feature", "properties": { "id": null, "Name": null, "description": null, "timestamp": null, "begin": null, "end": null, "altitudeMode": null, "tessellate": -1, "extrude": 0, "visibility": -1, "drawOrder": null, "icon": null }, "geometry": { "type": "MultiPolygon", "coordinates": [ [ [ [ -37.616235544924798, -9.42746130524573 ], [ -37.616338331403398, -9.42730900119342 ], [ -37.616267806374303, -9.42725798308723 ], [ -37.616167270694397, -9.427410287139541 ], [ -37.616235544924798, -9.42746130524573 ] ] ] ] } },
{ "type": "Feature", "properties": { "id": null, "Name": null, "description": null, "timestamp": null, "begin": null, "end": null, "altitudeMode": null, "tessellate": -1, "extrude": 0, "visibility": -1, "drawOrder": null, "icon": null }, "geometry": { "type": "MultiPolygon", "coordinates": [ [ [ [ -37.6162092856054, -9.427489065097619 ], [ -37.616168396093798, -9.427458304180661 ], [ -37.616142887040702, -9.427493941828359 ], [ -37.616182651152897, -9.42752357734593 ], [ -37.6162092856054, -9.427489065097619 ] ] ] ] } },
{ "type": "Feature", "properties": { "id": null, "Name": null, "description": null, "timestamp": null, "begin": null, "end": null, "altitudeMode": null, "tessellate": -1, "extrude": 0, "visibility": -1, "drawOrder": null, "icon": null }, "geometry": { "type": "MultiPolygon", "coordinates": [ [ [ [ -37.616291064628598, -9.42750069422477 ], [ -37.616392725707797, -9.42735364203633 ], [ -37.616354086995003, -9.42732475678504 ], [ -37.616253551315197, -9.427472184106611 ], [ -37.616291064628598, -9.42750069422477 ] ] ] ] } },
{ "type": "Feature", "properties": { "id": null, "Name": null, "description": null, "timestamp": null, "begin": null, "end": null, "altitudeMode": null, "tessellate": -1, "extrude": 0, "visibility": -1, "drawOrder": null, "icon": null }, "geometry": { "type": "MultiPolygon", "coordinates": [ [ [ [ -37.616841760069001, -9.43500448229932 ], [ -37.616665072362999, -9.43493770860151 ], [ -37.616644064907497, -9.43498610077577 ], [ -37.6168218780129, -9.43505324960671 ], [ -37.616841760069001, -9.43500448229932 ] ] ] ] } },
{ "type": "Feature", "properties": { "id": null, "Name": null, "description": null, "timestamp": null, "begin": null, "end": null, "altitudeMode": null, "tessellate": -1, "extrude": 0, "visibility": -1, "drawOrder": null, "icon": null }, "geometry": { "type": "MultiPolygon", "coordinates": [ [ [ [ -37.604185768491099, -9.447578069632209 ], [ -37.604173514141998, -9.447563564484369 ], [ -37.604058723403099, -9.44768410726468 ], [ -37.604072478284699, -9.447696361613721 ], [ -37.604185768491099, -9.447578069632209 ] ] ] ] } },
{ "type": "Feature", "properties": { "id": null, "Name": null, "description": null, "timestamp": null, "begin": null, "end": null, "altitudeMode": null, "tessellate": -1, "extrude": 0, "visibility": -1, "drawOrder": null, "icon": null }, "geometry": { "type": "MultiPolygon", "coordinates": [ [ [ [ -37.5897146327234, -9.45150396292135 ], [ -37.5896646149723, -9.45150696398642 ], [ -37.5896811208301, -9.4516950307308 ], [ -37.589734639823902, -9.451691529488221 ], [ -37.5897146327234, -9.45150396292135 ] ] ] ] } },
{ "type": "Feature", "properties": { "id": null, "Name": null, "description": null, "timestamp": null, "begin": null, "end": null, "altitudeMode": null, "tessellate": -1, "extrude": 0, "visibility": -1, "drawOrder": null, "icon": null }, "geometry": { "type": "MultiPolygon", "coordinates": [ [ [ [ -37.578309084924797, -9.451079312213951 ], [ -37.578127520488003, -9.45113933351535 ], [ -37.577017126412102, -9.45111082339718 ], [ -37.5768580699634, -9.45105980529099 ], [ -37.5768415641055, -9.451217361207171 ], [ -37.577027630139902, -9.45116334203591 ], [ -37.578124519423, -9.45119185215407 ], [ -37.578304583327203, -9.45123836866266 ], [ -37.578309084924797, -9.451079312213951 ] ] ] ] } },
{ "type": "Feature", "properties": { "id": null, "Name": null, "description": null, "timestamp": null, "begin": null, "end": null, "altitudeMode": null, "tessellate": -1, "extrude": 0, "visibility": -1, "drawOrder": null, "icon": null }, "geometry": { "type": "MultiPolygon", "coordinates": [ [ [ [ -37.5705130681391, -9.45065916310414 ], [ -37.570434290180998, -9.45069217481991 ], [ -37.570498062813797, -9.45086473606144 ], [ -37.570577591038102, -9.450833975144469 ], [ -37.5705130681391, -9.45065916310414 ] ] ] ] } },
{ "type": "Feature", "properties": { "id": null, "Name": null, "description": null, "timestamp": null, "begin": null, "end": null, "altitudeMode": null, "tessellate": -1, "extrude": 0, "visibility": -1, "drawOrder": null, "icon": null }, "geometry": { "type": "MultiPolygon", "coordinates": [ [ [ [ -37.570414783258101, -9.45070793041153 ], [ -37.570376519678398, -9.450724436269409 ], [ -37.570436540979799, -9.45088349271812 ], [ -37.570476305092001, -9.45086923765904 ], [ -37.570414783258101, -9.45070793041153 ] ] ] ] } },
{ "type": "Feature", "properties": { "id": null, "Name": null, "description": null, "timestamp": null, "begin": null, "end": null, "altitudeMode": null, "tessellate": -1, "extrude": 0, "visibility": -1, "drawOrder": null, "icon": null }, "geometry": { "type": "MultiPolygon", "coordinates": [ [ [ [ -37.570468427296198, -9.450655786905941 ], [ -37.570453046837699, -9.450615272527489 ], [ -37.5704114070599, -9.450631778385381 ], [ -37.570425286985802, -9.45067416842949 ], [ -37.570468427296198, -9.450655786905941 ] ] ] ] } },
{ "type": "Feature", "properties": { "id": null, "Name": null, "description": null, "timestamp": null, "begin": null, "end": null, "altitudeMode": null, "tessellate": -1, "extrude": 0, "visibility": -1, "drawOrder": null, "icon": null }, "geometry": { "type": "MultiPolygon", "coordinates": [ [ [ [ -37.567292550185897, -9.45189785271179 ], [ -37.567145122864297, -9.45198825979703 ], [ -37.566620311610201, -9.45217094963316 ], [ -37.564603595883199, -9.452927218030799 ], [ -37.563913350917097, -9.453216070543791 ], [ -37.563749792870802, -9.45323407693421 ], [ -37.563793308314303, -9.453384130187709 ], [ -37.563929856774998, -9.453265588117439 ], [ -37.564903702390197, -9.45287094806074 ], [ -37.567168005985501, -9.45203815250381 ], [ -37.567331564031797, -9.45201714504832 ], [ -37.567292550185897, -9.45189785271179 ] ] ] ] } },
{ "type": "Feature", "properties": { "id": null, "Name": null, "description": null, "timestamp": null, "begin": null, "end": null, "altitudeMode": null, "tessellate": -1, "extrude": 0, "visibility": -1, "drawOrder": null, "icon": null }, "geometry": { "type": "MultiPolygon", "coordinates": [ [ [ [ -37.5600877432191, -9.465144929063911 ], [ -37.5599354391668, -9.46504214258526 ], [ -37.559905428516103, -9.46508490776251 ], [ -37.560062234165997, -9.465187319108029 ], [ -37.5600877432191, -9.465144929063911 ] ] ] ] } },
{ "type": "Feature", "properties": { "id": null, "Name": null, "description": null, "timestamp": null, "begin": null, "end": null, "altitudeMode": null, "tessellate": -1, "extrude": 0, "visibility": -1, "drawOrder": null, "icon": null }, "geometry": { "type": "MultiPolygon", "coordinates": [ [ [ [ -37.589408148952998, -9.452687507958339 ], [ -37.589510935431598, -9.452987614465339 ], [ -37.589699252264801, -9.45291258783859 ], [ -37.589594965253603, -9.452617733195471 ], [ -37.589408148952998, -9.452687507958339 ] ] ] ] } },
{ "type": "Feature", "properties": { "id": null, "Name": null, "description": null, "timestamp": null, "begin": null, "end": null, "altitudeMode": null, "tessellate": -1, "extrude": 0, "visibility": -1, "drawOrder": null, "icon": null }, "geometry": { "type": "MultiPolygon", "coordinates": [ [ [ [ -37.589718008921501, -9.45292084076754 ], [ -37.589959594659597, -9.452847314673321 ], [ -37.589848555251997, -9.45253220284097 ], [ -37.589638480697097, -9.45260572893519 ], [ -37.5896167229753, -9.4526514951775 ], [ -37.589718008921501, -9.45292084076754 ] ] ] ] } },
{ "type": "Feature", "properties": { "id": null, "Name": null, "description": null, "timestamp": null, "begin": null, "end": null, "altitudeMode": null, "tessellate": -1, "extrude": 0, "visibility": -1, "drawOrder": null, "icon": null }, "geometry": { "type": "MultiPolygon", "coordinates": [ [ [ [ -37.544844583462201, -9.46965177853275 ], [ -37.5448247014061, -9.469648402334551 ], [ -37.544788313492198, -9.469800706386851 ], [ -37.544805569616301, -9.46980520798445 ], [ -37.544844583462201, -9.46965177853275 ] ] ] ] } },
{ "type": "Feature", "properties": { "id": null, "Name": null, "description": null, "timestamp": null, "begin": null, "end": null, "altitudeMode": null, "tessellate": -1, "extrude": 0, "visibility": -1, "drawOrder": null, "icon": null }, "geometry": { "type": "MultiPolygon", "coordinates": [ [ [ [ -37.537699047530602, -9.467551032983749 ], [ -37.537688918935999, -9.467377721475961 ], [ -37.537635274897802, -9.46737997227476 ], [ -37.537648404557501, -9.467555159448221 ], [ -37.537699047530602, -9.467551032983749 ] ] ] ] } },
{ "type": "Feature", "properties": { "id": null, "Name": null, "description": null, "timestamp": null, "begin": null, "end": null, "altitudeMode": null, "tessellate": -1, "extrude": 0, "visibility": -1, "drawOrder": null, "icon": null }, "geometry": { "type": "MultiPolygon", "coordinates": [ [ [ [ -37.537713302589701, -9.47106077858311 ], [ -37.537506229099797, -9.471047273790299 ], [ -37.537485971910598, -9.471351881894901 ], [ -37.537705049660701, -9.471361635356381 ], [ -37.537713302589701, -9.47106077858311 ] ] ] ] } },
{ "type": "Feature", "properties": { "id": null, "Name": null, "description": null, "timestamp": null, "begin": null, "end": null, "altitudeMode": null, "tessellate": -1, "extrude": 0, "visibility": -1, "drawOrder": null, "icon": null }, "geometry": { "type": "MultiPolygon", "coordinates": [ [ [ [ -37.524323300513601, -9.48165341288081 ], [ -37.524253525750701, -9.48170180505506 ], [ -37.524363439758901, -9.48184097944768 ], [ -37.524433589654898, -9.481788085675831 ], [ -37.524323300513601, -9.48165341288081 ] ] ] ] } },
{ "type": "Feature", "properties": { "id": null, "Name": null, "description": null, "timestamp": null, "begin": null, "end": null, "altitudeMode": null, "tessellate": -1, "extrude": 0, "visibility": -1, "drawOrder": null, "icon": null }, "geometry": { "type": "MultiPolygon", "coordinates": [ [ [ [ -37.524277909404397, -9.48165866474468 ], [ -37.524253900883799, -9.481622651963839 ], [ -37.5242148870379, -9.481654163147081 ], [ -37.5242407712242, -9.48168679972971 ], [ -37.524277909404397, -9.48165866474468 ] ] ] ] } },
{ "type": "Feature", "properties": { "id": null, "Name": null, "description": null, "timestamp": null, "begin": null, "end": null, "altitudeMode": null, "tessellate": -1, "extrude": 0, "visibility": -1, "drawOrder": null, "icon": null }, "geometry": { "type": "MultiPolygon", "coordinates": [ [ [ [ -37.524343182569702, -9.48184998264289 ], [ -37.524242646889803, -9.48172506330936 ], [ -37.524210385440298, -9.481750572362451 ], [ -37.524310545986999, -9.48187624196226 ], [ -37.524343182569702, -9.48184998264289 ] ] ] ] } },
{ "type": "Feature", "properties": { "id": null, "Name": null, "description": null, "timestamp": null, "begin": null, "end": null, "altitudeMode": null, "tessellate": -1, "extrude": 0, "visibility": -1, "drawOrder": null, "icon": null }, "geometry": { "type": "MultiPolygon", "coordinates": [ [ [ [ -37.521446779644002, -9.48410903437434 ], [ -37.521342492632797, -9.483963482718449 ], [ -37.5213019782544, -9.483995744167951 ], [ -37.521402889067303, -9.484138669891911 ], [ -37.521446779644002, -9.48410903437434 ] ] ] ] } },
{ "type": "Feature", "properties": { "id": null, "Name": null, "description": null, "timestamp": null, "begin": null, "end": null, "altitudeMode": null, "tessellate": -1, "extrude": 0, "visibility": -1, "drawOrder": null, "icon": null }, "geometry": { "type": "MultiPolygon", "coordinates": [ [ [ [ -37.513100067418101, -9.487195254665689 ], [ -37.513080185362, -9.48719638006509 ], [ -37.513090689089701, -9.48735843757887 ], [ -37.513109445746402, -9.48735806244574 ], [ -37.513100067418101, -9.487195254665689 ] ] ] ] } },
{ "type": "Feature", "properties": { "id": null, "Name": null, "description": null, "timestamp": null, "begin": null, "end": null, "altitudeMode": null, "tessellate": -1, "extrude": 0, "visibility": -1, "drawOrder": null, "icon": null }, "geometry": { "type": "MultiPolygon", "coordinates": [ [ [ [ -37.4985782886774, -9.484019127466601 ], [ -37.498424234003799, -9.484057140957489 ], [ -37.498466248914802, -9.48423020237653 ], [ -37.498619303233397, -9.48418918782057 ], [ -37.4985782886774, -9.484019127466601 ] ] ] ] } },
{ "type": "Feature", "properties": { "id": null, "Name": null, "description": null, "timestamp": null, "begin": null, "end": null, "altitudeMode": null, "tessellate": -1, "extrude": 0, "visibility": -1, "drawOrder": null, "icon": null }, "geometry": { "type": "MultiPolygon", "coordinates": [ [ [ [ -37.960777321892301, -9.318740220419331 ], [ -37.960681100243498, -9.31857478670735 ], [ -37.960635521567703, -9.31860404709178 ], [ -37.960736807513797, -9.318768355404369 ], [ -37.960777321892301, -9.318740220419331 ] ] ] ] } },
{ "type": "Feature", "properties": { "id": null, "Name": null, "description": null, "timestamp": null, "begin": null, "end": null, "altitudeMode": null, "tessellate": -1, "extrude": 0, "visibility": -1, "drawOrder": null, "icon": null }, "geometry": { "type": "MultiPolygon", "coordinates": [ [ [ [ -38.0480544545144, -9.35279406189666 ], [ -38.047729706449701, -9.35268201431877 ], [ -38.047682228662403, -9.35280640612134 ], [ -38.048009825394402, -9.3529137059205 ], [ -38.0480544545144, -9.35279406189666 ] ] ] ] } },
{ "type": "Feature", "properties": { "id": null, "Name": null, "description": null, "timestamp": null, "begin": null, "end": null, "altitudeMode": null, "tessellate": -1, "extrude": 0, "visibility": -1, "drawOrder": null, "icon": null }, "geometry": { "type": "MultiPolygon", "coordinates": [ [ [ [ -38.024469388925098, -9.34460604270925 ], [ -38.024232949544597, -9.344520582692221 ], [ -38.0241816735344, -9.34461933648968 ], [ -38.0244219111378, -9.344707645173941 ], [ -38.024469388925098, -9.34460604270925 ] ] ] ] } },
{ "type": "Feature", "properties": { "id": null, "Name": null, "description": null, "timestamp": null, "begin": null, "end": null, "altitudeMode": null, "tessellate": -1, "extrude": 0, "visibility": -1, "drawOrder": null, "icon": null }, "geometry": { "type": "MultiPolygon", "coordinates": [ [ [ [ -37.635322809674598, -9.34192022428503 ], [ -37.635167082532497, -9.34181292448587 ], [ -37.635137646304401, -9.341859452717371 ], [ -37.635292423890803, -9.341966277738649 ], [ -37.635322809674598, -9.34192022428503 ] ] ] ] } },
{ "type": "Feature", "properties": { "id": null, "Name": null, "description": null, "timestamp": null, "begin": null, "end": null, "altitudeMode": null, "tessellate": -1, "extrude": 0, "visibility": -1, "drawOrder": null, "icon": null }, "geometry": { "type": "MultiPolygon", "coordinates": [ [ [ [ -37.606337383175202, -9.413549961893811 ], [ -37.606144623359, -9.413552335783169 ], [ -37.606143199025396, -9.41360741001637 ], [ -37.606337383175202, -9.41360408657127 ], [ -37.606337383175202, -9.413549961893811 ] ] ] ] } },
{ "type": "Feature", "properties": { "id": null, "Name": null, "description": null, "timestamp": null, "begin": null, "end": null, "altitudeMode": null, "tessellate": -1, "extrude": 0, "visibility": -1, "drawOrder": null, "icon": null }, "geometry": { "type": "MultiPolygon", "coordinates": [ [ [ [ -37.532804735853603, -9.474218977540501 ], [ -37.5326532817123, -9.474201410759219 ], [ -37.532683192718203, -9.474384675017969 ], [ -37.532667050270597, -9.474524734490331 ], [ -37.532420640554797, -9.476547288226749 ], [ -37.532349423874003, -9.47670538925826 ], [ -37.5325032519046, -9.47673055248549 ], [ -37.5324690678978, -9.47654871256036 ], [ -37.532728771393998, -9.474387998463071 ], [ -37.532804735853603, -9.474218977540501 ] ] ] ] } },
{ "type": "Feature", "properties": { "id": null, "Name": null, "description": null, "timestamp": null, "begin": null, "end": null, "altitudeMode": null, "tessellate": -1, "extrude": 0, "visibility": -1, "drawOrder": null, "icon": null }, "geometry": { "type": "MultiPolygon", "coordinates": [ [ [ [ -37.483940834615098, -9.48898492545549 ], [ -37.4839147218322, -9.48893388683422 ], [ -37.483775611915497, -9.48901768512869 ], [ -37.483588549433797, -9.489133530929561 ], [ -37.4832941871529, -9.48930540051937 ], [ -37.482827480504397, -9.48956011884791 ], [ -37.482854780232003, -9.48960973313558 ], [ -37.483349261386103, -9.48934053408192 ], [ -37.483535849090003, -9.4892308603934 ], [ -37.483940834615098, -9.48898492545549 ] ] ] ] } },
{ "type": "Feature", "properties": { "id": null, "Name": null, "description": null, "timestamp": null, "begin": null, "end": null, "altitudeMode": null, "tessellate": -1, "extrude": 0, "visibility": -1, "drawOrder": null, "icon": null }, "geometry": { "type": "MultiPolygon", "coordinates": [ [ [ [ -37.484102259091699, -9.48888249212953 ], [ -37.484072822863702, -9.48883264045293 ], [ -37.483956977062803, -9.48891002924613 ], [ -37.483984514179397, -9.488955607921881 ], [ -37.484102259091699, -9.48888249212953 ] ] ] ] } },
{ "type": "Feature", "properties": { "id": null, "Name": null, "description": null, "timestamp": null, "begin": null, "end": null, "altitudeMode": null, "tessellate": -1, "extrude": 0, "visibility": -1, "drawOrder": null, "icon": null }, "geometry": { "type": "MultiPolygon", "coordinates": [ [ [ [ -37.4839505675615, -9.488911690968679 ], [ -37.483918994832997, -9.48893186902826 ], [ -37.483948668449997, -9.48898931715082 ], [ -37.483914959221103, -9.489010682155079 ], [ -37.483949143227903, -9.48906694333296 ], [ -37.484017986019403, -9.489020652490399 ], [ -37.4839505675615, -9.488911690968679 ] ] ] ] } },
{ "type": "Feature", "properties": { "id": null, "Name": null, "description": null, "timestamp": null, "begin": null, "end": null, "altitudeMode": null, "tessellate": -1, "extrude": 0, "visibility": -1, "drawOrder": null, "icon": null }, "geometry": { "type": "MultiPolygon", "coordinates": [ [ [ [ -37.483978104678101, -9.488783026165271 ], [ -37.483917095721502, -9.48882100839506 ], [ -37.4839612500637, -9.488898159799319 ], [ -37.484021784242401, -9.48886017756953 ], [ -37.483978104678101, -9.488783026165271 ] ] ] ] } },
{ "type": "Feature", "properties": { "id": null, "Name": null, "description": null, "timestamp": null, "begin": null, "end": null, "altitudeMode": null, "tessellate": -1, "extrude": 0, "visibility": -1, "drawOrder": null, "icon": null }, "geometry": { "type": "MultiPolygon", "coordinates": [ [ [ [ -37.476277207587799, -9.493723089927579 ], [ -37.476115783111197, -9.49364427680076 ], [ -37.4760303230942, -9.49380000394291 ], [ -37.4761926971265, -9.493883564848449 ], [ -37.476277207587799, -9.493723089927579 ] ] ] ] } },
{ "type": "Feature", "properties": { "id": null, "Name": null, "description": null, "timestamp": null, "begin": null, "end": null, "altitudeMode": null, "tessellate": -1, "extrude": 0, "visibility": -1, "drawOrder": null, "icon": null }, "geometry": { "type": "MultiPolygon", "coordinates": [ [ [ [ -37.4760554863214, -9.49417033068338 ], [ -37.475875545507698, -9.49407300121954 ], [ -37.4758029044933, -9.49422208147147 ], [ -37.475979047083896, -9.49431798660169 ], [ -37.4760554863214, -9.49417033068338 ] ] ] ] } },
{ "type": "Feature", "properties": { "id": null, "Name": null, "description": null, "timestamp": null, "begin": null, "end": null, "altitudeMode": null, "tessellate": -1, "extrude": 0, "visibility": -1, "drawOrder": null, "icon": null }, "geometry": { "type": "MultiPolygon", "coordinates": [ [ [ [ -37.475833290277102, -9.49409958878039 ], [ -37.475791035046498, -9.49407632466464 ], [ -37.475758750151101, -9.494135197120819 ], [ -37.475800530603898, -9.494158461236569 ], [ -37.475833290277102, -9.49409958878039 ] ] ] ] } },
{ "type": "Feature", "properties": { "id": null, "Name": null, "description": null, "timestamp": null, "begin": null, "end": null, "altitudeMode": null, "tessellate": -1, "extrude": 0, "visibility": -1, "drawOrder": null, "icon": null }, "geometry": { "type": "MultiPolygon", "coordinates": [ [ [ [ -37.460737253046197, -9.492771635071289 ], [ -37.4603431874121, -9.49263489904404 ], [ -37.460371674084499, -9.49274504751043 ], [ -37.4607704874973, -9.492874187091729 ], [ -37.460737253046197, -9.492771635071289 ] ] ] ] } },
{ "type": "Feature", "properties": { "id": null, "Name": null, "description": null, "timestamp": null, "begin": null, "end": null, "altitudeMode": null, "tessellate": -1, "extrude": 0, "visibility": -1, "drawOrder": null, "icon": null }, "geometry": { "type": "MultiPolygon", "coordinates": [ [ [ [ -37.4536653575069, -9.492995809356749 ], [ -37.4530414993826, -9.493230349625721 ], [ -37.453311173214097, -9.493781091957731 ], [ -37.453727078630301, -9.493574088805349 ], [ -37.4538334288738, -9.49337658121043 ], [ -37.453775505973297, -9.493251239852111 ], [ -37.453634971723098, -9.49337658121043 ], [ -37.453287434320501, -9.49353515701981 ], [ -37.453201974303397, -9.49333195209042 ], [ -37.4537147344057, -9.49312210027081 ], [ -37.4536653575069, -9.492995809356749 ] ] ] ] } },
{ "type": "Feature", "properties": { "id": null, "Name": null, "description": null, "timestamp": null, "begin": null, "end": null, "altitudeMode": null, "tessellate": -1, "extrude": 0, "visibility": -1, "drawOrder": null, "icon": null }, "geometry": { "type": "MultiPolygon", "coordinates": [ [ [ [ -37.446978902470399, -9.49585618777876 ], [ -37.446538308604801, -9.496047365002051 ], [ -37.446404104726199, -9.496220817184771 ], [ -37.446449683402001, -9.496241074373989 ], [ -37.446951048835302, -9.49601191492091 ], [ -37.447059931227301, -9.49624487259698 ], [ -37.446704164341597, -9.4963803425499 ], [ -37.446515519267003, -9.49640186581345 ], [ -37.446534510381902, -9.49650441783389 ], [ -37.4467662019836, -9.496562657252911 ], [ -37.447205529774898, -9.49637401217827 ], [ -37.446978902470399, -9.49585618777876 ] ] ] ] } },
{ "type": "Feature", "properties": { "id": null, "Name": null, "description": null, "timestamp": null, "begin": null, "end": null, "altitudeMode": null, "tessellate": -1, "extrude": 0, "visibility": -1, "drawOrder": null, "icon": null }, "geometry": { "type": "MultiPolygon", "coordinates": [ [ [ [ -37.439346689912099, -9.49949947491238 ], [ -37.439280062750598, -9.49934485558526 ], [ -37.439235117111998, -9.499364954515199 ], [ -37.4393017442735, -9.499518782545859 ], [ -37.439346689912099, -9.49949947491238 ] ] ] ] } },
{ "type": "Feature", "properties": { "id": null, "Name": null, "description": null, "timestamp": null, "begin": null, "end": null, "altitudeMode": null, "tessellate": -1, "extrude": 0, "visibility": -1, "drawOrder": null, "icon": null }, "geometry": { "type": "MultiPolygon", "coordinates": [ [ [ [ -37.437843226649399, -9.50019818968129 ], [ -37.4377587161881, -9.49999878297487 ], [ -37.437703008917801, -9.500023471424241 ], [ -37.437789101972001, -9.50022319464923 ], [ -37.437843226649399, -9.50019818968129 ] ] ] ] } },
{ "type": "Feature", "properties": { "id": null, "Name": null, "description": null, "timestamp": null, "begin": null, "end": null, "altitudeMode": null, "tessellate": -1, "extrude": 0, "visibility": -1, "drawOrder": null, "icon": null }, "geometry": { "type": "MultiPolygon", "coordinates": [ [ [ [ -38.087479465101801, -9.32864666146104 ], [ -38.087608129905298, -9.32852511832569 ], [ -38.087490859770803, -9.328453901644821 ], [ -38.087435310759702, -9.328621023455931 ], [ -38.087479465101801, -9.32864666146104 ] ] ] ] } },
{ "type": "Feature", "properties": { "id": null, "Name": null, "description": null, "timestamp": null, "begin": null, "end": null, "altitudeMode": null, "tessellate": -1, "extrude": 0, "visibility": -1, "drawOrder": null, "icon": null }, "geometry": { "type": "MultiPolygon", "coordinates": [ [ [ [ -38.0857885437091, -9.3312496311468 ], [ -38.085749611923497, -9.33122114447445 ], [ -38.0856451607916, -9.33132464605065 ], [ -38.085747238034202, -9.331394913175769 ], [ -38.0857885437091, -9.3312496311468 ] ] ] ] } },
{ "type": "Feature", "properties": { "id": null, "Name": null, "description": null, "timestamp": null, "begin": null, "end": null, "altitudeMode": null, "tessellate": -1, "extrude": 0, "visibility": -1, "drawOrder": null, "icon": null }, "geometry": { "type": "MultiPolygon", "coordinates": [ [ [ [ -38.076772511911003, -9.337081802532101 ], [ -38.076803372472703, -9.337115036983169 ], [ -38.076960998726399, -9.3370385977457 ], [ -38.076874589153597, -9.33693034839078 ], [ -38.076772511911003, -9.337081802532101 ] ] ] ] } },
{ "type": "Feature", "properties": { "id": null, "Name": null, "description": null, "timestamp": null, "begin": null, "end": null, "altitudeMode": null, "tessellate": -1, "extrude": 0, "visibility": -1, "drawOrder": null, "icon": null }, "geometry": { "type": "MultiPolygon", "coordinates": [ [ [ [ -38.075973460751698, -9.33782293079101 ], [ -38.075828178722702, -9.337896521361239 ], [ -38.075909365738902, -9.33799764904807 ], [ -38.076001472646197, -9.33785474090846 ], [ -38.075973460751698, -9.33782293079101 ] ] ] ] } },
{ "type": "Feature", "properties": { "id": null, "Name": null, "description": null, "timestamp": null, "begin": null, "end": null, "altitudeMode": null, "tessellate": -1, "extrude": 0, "visibility": -1, "drawOrder": null, "icon": null }, "geometry": { "type": "MultiPolygon", "coordinates": [ [ [ [ -37.959670879047898, -9.334285019616701 ], [ -37.959617070889003, -9.334275524059249 ], [ -37.959609474442999, -9.33432236880933 ], [ -37.959663282601902, -9.334333130441109 ], [ -37.959670879047898, -9.334285019616701 ] ] ] ] } },
{ "type": "Feature", "properties": { "id": null, "Name": null, "description": null, "timestamp": null, "begin": null, "end": null, "altitudeMode": null, "tessellate": -1, "extrude": 0, "visibility": -1, "drawOrder": null, "icon": null }, "geometry": { "type": "MultiPolygon", "coordinates": [ [ [ [ -37.615648731775103, -9.38013906653884 ], [ -37.615549977977601, -9.380190975586229 ], [ -37.615615813842602, -9.38028846330938 ], [ -37.615712035491399, -9.38022895781603 ], [ -37.615648731775103, -9.38013906653884 ] ] ] ] } },
{ "type": "Feature", "properties": { "id": null, "Name": null, "description": null, "timestamp": null, "begin": null, "end": null, "altitudeMode": null, "tessellate": -1, "extrude": 0, "visibility": -1, "drawOrder": null, "icon": null }, "geometry": { "type": "MultiPolygon", "coordinates": [ [ [ [ -37.615523390416797, -9.379947889315529 ], [ -37.615461352774801, -9.37983394262614 ], [ -37.615386654389503, -9.379887117747851 ], [ -37.615420838396297, -9.380008660883201 ], [ -37.615523390416797, -9.379947889315529 ] ] ] ] } },
{ "type": "Feature", "properties": { "id": null, "Name": null, "description": null, "timestamp": null, "begin": null, "end": null, "altitudeMode": null, "tessellate": -1, "extrude": 0, "visibility": -1, "drawOrder": null, "icon": null }, "geometry": { "type": "MultiPolygon", "coordinates": [ [ [ [ -37.601743437446601, -9.446111667547189 ], [ -37.601632022905797, -9.446111667547189 ], [ -37.601615563939603, -9.446245871425811 ], [ -37.601767492858798, -9.446245871425811 ], [ -37.601743437446601, -9.446111667547189 ] ] ] ] } },
{ "type": "Feature", "properties": { "id": null, "Name": null, "description": null, "timestamp": null, "begin": null, "end": null, "altitudeMode": null, "tessellate": -1, "extrude": 0, "visibility": -1, "drawOrder": null, "icon": null }, "geometry": { "type": "MultiPolygon", "coordinates": [ [ [ [ -37.6013281650674, -9.446273725060991 ], [ -37.601296513209299, -9.44614205333103 ], [ -37.601174970073899, -9.44615218192564 ], [ -37.601158511107698, -9.446306642993481 ], [ -37.6013281650674, -9.446273725060991 ] ] ] ] } },
{ "type": "Feature", "properties": { "id": null, "Name": null, "description": null, "timestamp": null, "begin": null, "end": null, "altitudeMode": null, "tessellate": -1, "extrude": 0, "visibility": -1, "drawOrder": null, "icon": null }, "geometry": { "type": "MultiPolygon", "coordinates": [ [ [ [ -37.601829530500801, -9.44649655414246 ], [ -37.601611765716598, -9.44649022377083 ], [ -37.601664940838297, -9.44665481343328 ], [ -37.6017636946358, -9.44665481343328 ], [ -37.601829530500801, -9.44649655414246 ] ] ] ] } },
{ "type": "Feature", "properties": { "id": null, "Name": null, "description": null, "timestamp": null, "begin": null, "end": null, "altitudeMode": null, "tessellate": -1, "extrude": 0, "visibility": -1, "drawOrder": null, "icon": null }, "geometry": { "type": "MultiPolygon", "coordinates": [ [ [ [ -37.602159975900001, -9.446532004223609 ], [ -37.601992854088898, -9.44650668273708 ], [ -37.6020055148322, -9.44664341876434 ], [ -37.602119461521497, -9.44666367595357 ], [ -37.602159975900001, -9.446532004223609 ] ] ] ] } },
{ "type": "Feature", "properties": { "id": null, "Name": null, "description": null, "timestamp": null, "begin": null, "end": null, "altitudeMode": null, "tessellate": -1, "extrude": 0, "visibility": -1, "drawOrder": null, "icon": null }, "geometry": { "type": "MultiPolygon", "coordinates": [ [ [ [ -37.559657860757397, -9.4572119742053 ], [ -37.559579997186297, -9.457278443107439 ], [ -37.559638236605402, -9.457344278972419 ], [ -37.559696476024399, -9.45732528785752 ], [ -37.559657860757397, -9.4572119742053 ] ] ] ] } },
{ "type": "Feature", "properties": { "id": null, "Name": null, "description": null, "timestamp": null, "begin": null, "end": null, "altitudeMode": null, "tessellate": -1, "extrude": 0, "visibility": -1, "drawOrder": null, "icon": null }, "geometry": { "type": "MultiPolygon", "coordinates": [ [ [ [ -37.558154397494597, -9.459047148941639 ], [ -37.558149333197299, -9.45916362777969 ], [ -37.5582328941029, -9.4591737563743 ], [ -37.558233527139997, -9.459159829556709 ], [ -37.558210737802099, -9.45914083844181 ], [ -37.558214536025098, -9.45910538836066 ], [ -37.558237958400198, -9.4591047553235 ], [ -37.558238591437302, -9.459090828505911 ], [ -37.558154397494597, -9.459047148941639 ] ] ] ] } },
{ "type": "Feature", "properties": { "id": null, "Name": null, "description": null, "timestamp": null, "begin": null, "end": null, "altitudeMode": null, "tessellate": -1, "extrude": 0, "visibility": -1, "drawOrder": null, "icon": null }, "geometry": { "type": "MultiPolygon", "coordinates": [ [ [ [ -37.557928403227301, -9.459036387309871 ], [ -37.5578600352137, -9.45906297487072 ], [ -37.557857503065001, -9.459126911624219 ], [ -37.557918907669901, -9.45916046259387 ], [ -37.557928403227301, -9.459036387309871 ] ] ] ] } },
{ "type": "Feature", "properties": { "id": null, "Name": null, "description": null, "timestamp": null, "begin": null, "end": null, "altitudeMode": null, "tessellate": -1, "extrude": 0, "visibility": -1, "drawOrder": null, "icon": null }, "geometry": { "type": "MultiPolygon", "coordinates": [ [ [ [ -37.5597895324874, -9.46169197820983 ], [ -37.5598439736834, -9.46162740841917 ], [ -37.559793330710399, -9.46157929759476 ], [ -37.559728760919697, -9.46162677538201 ], [ -37.5597895324874, -9.46169197820983 ] ] ] ] } },
{ "type": "Feature", "properties": { "id": null, "Name": null, "description": null, "timestamp": null, "begin": null, "end": null, "altitudeMode": null, "tessellate": -1, "extrude": 0, "visibility": -1, "drawOrder": null, "icon": null }, "geometry": { "type": "MultiPolygon", "coordinates": [ [ [ [ -37.559642667865504, -9.4618717607642 ], [ -37.559574932888999, -9.461795163267441 ], [ -37.5595299872504, -9.46187745809867 ], [ -37.559571134666001, -9.46192746803457 ], [ -37.559642667865504, -9.4618717607642 ] ] ] ] } },
{ "type": "Feature", "properties": { "id": null, "Name": null, "description": null, "timestamp": null, "begin": null, "end": null, "altitudeMode": null, "tessellate": -1, "extrude": 0, "visibility": -1, "drawOrder": null, "icon": null }, "geometry": { "type": "MultiPolygon", "coordinates": [ [ [ [ -37.559501500578101, -9.45706067832327 ], [ -37.559455288865202, -9.45700876927588 ], [ -37.559386287814398, -9.45706257743476 ], [ -37.559435031675903, -9.45711828470513 ], [ -37.559501500578101, -9.45706067832327 ] ] ] ] } },
{ "type": "Feature", "properties": { "id": null, "Name": null, "description": null, "timestamp": null, "begin": null, "end": null, "altitudeMode": null, "tessellate": -1, "extrude": 0, "visibility": -1, "drawOrder": null, "icon": null }, "geometry": { "type": "MultiPolygon", "coordinates": [ [ [ [ -37.557780905568301, -9.46734373400359 ], [ -37.5576688579904, -9.46741653327736 ], [ -37.557733427781102, -9.46750009418292 ], [ -37.557753051933098, -9.467489332551139 ], [ -37.5577479876358, -9.46746211195312 ], [ -37.557761281416198, -9.467456414618651 ], [ -37.557780272531097, -9.467469708399079 ], [ -37.5577904011258, -9.46746211195312 ], [ -37.557780905568301, -9.46734373400359 ] ] ] ] } },
{ "type": "Feature", "properties": { "id": null, "Name": null, "description": null, "timestamp": null, "begin": null, "end": null, "altitudeMode": null, "tessellate": -1, "extrude": 0, "visibility": -1, "drawOrder": null, "icon": null }, "geometry": { "type": "MultiPolygon", "coordinates": [ [ [ [ -37.553832652780898, -9.46895481358413 ], [ -37.553700981051001, -9.46897443773619 ], [ -37.553763018692997, -9.469129531841199 ], [ -37.553793404476799, -9.469103577317499 ], [ -37.553812395591699, -9.46912699969254 ], [ -37.553832652780898, -9.46895481358413 ] ] ] ] } },
{ "type": "Feature", "properties": { "id": null, "Name": null, "description": null, "timestamp": null, "begin": null, "end": null, "altitudeMode": null, "tessellate": -1, "extrude": 0, "visibility": -1, "drawOrder": null, "icon": null }, "geometry": { "type": "MultiPolygon", "coordinates": [ [ [ [ -37.551545806028599, -9.46928937372493 ], [ -37.551426162004702, -9.46930741528408 ], [ -37.551483451868002, -9.4694536468688 ], [ -37.551490731795397, -9.46945396338738 ], [ -37.551497062167002, -9.46943433923532 ], [ -37.551505924687298, -9.469428008863691 ], [ -37.551517002837699, -9.46943022449376 ], [ -37.551523966246499, -9.469453013831631 ], [ -37.551534094841102, -9.46945206427589 ], [ -37.551545806028599, -9.46928937372493 ] ] ] ] } },
{ "type": "Feature", "properties": { "id": null, "Name": null, "description": null, "timestamp": null, "begin": null, "end": null, "altitudeMode": null, "tessellate": -1, "extrude": 0, "visibility": -1, "drawOrder": null, "icon": null }, "geometry": { "type": "MultiPolygon", "coordinates": [ [ [ [ -37.5490019461879, -9.469663182169841 ], [ -37.548865843197802, -9.46968407239623 ], [ -37.548919651356698, -9.46984676294719 ], [ -37.5489500371406, -9.46980561553158 ], [ -37.548965863069597, -9.469802450345769 ], [ -37.548981688998701, -9.469834102203929 ], [ -37.5489924506305, -9.469834102203929 ], [ -37.5490019461879, -9.469663182169841 ] ] ] ] } },
{ "type": "Feature", "properties": { "id": null, "Name": null, "description": null, "timestamp": null, "begin": null, "end": null, "altitudeMode": null, "tessellate": -1, "extrude": 0, "visibility": -1, "drawOrder": null, "icon": null }, "geometry": { "type": "MultiPolygon", "coordinates": [ [ [ [ -37.5412991499852, -9.46807235977853 ], [ -37.541128862988302, -9.46798879887297 ], [ -37.541128862988302, -9.468186306467921 ], [ -37.541144055880203, -9.46819263683955 ], [ -37.541162413957899, -9.46816478320437 ], [ -37.541180772035602, -9.46818440735643 ], [ -37.541185836333, -9.46821226099161 ], [ -37.541212423893803, -9.46822682084637 ], [ -37.5412991499852, -9.46807235977853 ] ] ] ] } },
{ "type": "Feature", "properties": { "id": null, "Name": null, "description": null, "timestamp": null, "begin": null, "end": null, "altitudeMode": null, "tessellate": -1, "extrude": 0, "visibility": -1, "drawOrder": null, "icon": null }, "geometry": { "type": "MultiPolygon", "coordinates": [ [ [ [ -37.541464689203401, -9.46790428841167 ], [ -37.541473235205103, -9.46777863053477 ], [ -37.541383976965101, -9.467738116156321 ], [ -37.541278892796001, -9.46781977795038 ], [ -37.541464689203401, -9.46790428841167 ] ] ] ] } },
{ "type": "Feature", "properties": { "id": null, "Name": null, "description": null, "timestamp": null, "begin": null, "end": null, "altitudeMode": null, "tessellate": -1, "extrude": 0, "visibility": -1, "drawOrder": null, "icon": null }, "geometry": { "type": "MultiPolygon", "coordinates": [ [ [ [ -37.536706465365597, -9.46778686001789 ], [ -37.536528581922703, -9.467879283443731 ], [ -37.536618473199901, -9.46801475339667 ], [ -37.536637464314801, -9.468009056062201 ], [ -37.536631133943203, -9.467978670278359 ], [ -37.536675446544599, -9.467955247903321 ], [ -37.536705832328401, -9.467974872055381 ], [ -37.536717226997403, -9.467967908646591 ], [ -37.536706465365597, -9.46778686001789 ] ] ] ] } },
{ "type": "Feature", "properties": { "id": null, "Name": null, "description": null, "timestamp": null, "begin": null, "end": null, "altitudeMode": null, "tessellate": -1, "extrude": 0, "visibility": -1, "drawOrder": null, "icon": null }, "geometry": { "type": "MultiPolygon", "coordinates": [ [ [ [ -37.536503893473402, -9.46763113287572 ], [ -37.5364380576084, -9.46757352649386 ], [ -37.536419699530597, -9.46758302205131 ], [ -37.536417167381998, -9.467602013166211 ], [ -37.536376653003501, -9.467624802504091 ], [ -37.536355762777198, -9.467617206058129 ], [ -37.536339303810898, -9.46762163731827 ], [ -37.536353230628499, -9.467707097335319 ], [ -37.536503893473402, -9.46763113287572 ] ] ] ] } },
{ "type": "Feature", "properties": { "id": null, "Name": null, "description": null, "timestamp": null, "begin": null, "end": null, "altitudeMode": null, "tessellate": -1, "extrude": 0, "visibility": -1, "drawOrder": null, "icon": null }, "geometry": { "type": "MultiPolygon", "coordinates": [ [ [ [ -37.526787406054197, -9.480225407239169 ], [ -37.526613953871497, -9.48029504132713 ], [ -37.526697514776998, -9.480464695286891 ], [ -37.526741827378402, -9.48043430950305 ], [ -37.526792470351502, -9.48043304342873 ], [ -37.526787406054197, -9.480225407239169 ] ] ] ] } },
{ "type": "Feature", "properties": { "id": null, "Name": null, "description": null, "timestamp": null, "begin": null, "end": null, "altitudeMode": null, "tessellate": -1, "extrude": 0, "visibility": -1, "drawOrder": null, "icon": null }, "geometry": { "type": "MultiPolygon", "coordinates": [ [ [ [ -37.526320224627703, -9.48016210352284 ], [ -37.526244893205302, -9.480089304249059 ], [ -37.5261448733335, -9.48012602040453 ], [ -37.526161332299701, -9.48024882961421 ], [ -37.526320224627703, -9.48016210352284 ] ] ] ] } },
{ "type": "Feature", "properties": { "id": null, "Name": null, "description": null, "timestamp": null, "begin": null, "end": null, "altitudeMode": null, "tessellate": -1, "extrude": 0, "visibility": -1, "drawOrder": null, "icon": null }, "geometry": { "type": "MultiPolygon", "coordinates": [ [ [ [ -37.523381666115803, -9.482635379719779 ], [ -37.5232759489095, -9.482717674550999 ], [ -37.523393693821902, -9.482824024794439 ], [ -37.523400024193499, -9.48281516227415 ], [ -37.5233974920449, -9.48279237293627 ], [ -37.523403822416498, -9.482786042564641 ], [ -37.523423446568501, -9.4827987033079 ], [ -37.523428510865799, -9.48279110686194 ], [ -37.523381666115803, -9.482635379719779 ] ] ] ] } },
{ "type": "Feature", "properties": { "id": null, "Name": null, "description": null, "timestamp": null, "begin": null, "end": null, "altitudeMode": null, "tessellate": -1, "extrude": 0, "visibility": -1, "drawOrder": null, "icon": null }, "geometry": { "type": "MultiPolygon", "coordinates": [ [ [ [ -37.5232240398621, -9.482477753466121 ], [ -37.523143644142401, -9.48244103731065 ], [ -37.523103129763903, -9.482472689168819 ], [ -37.523133515547798, -9.482544855405431 ], [ -37.5232240398621, -9.482477753466121 ] ] ] ] } },
{ "type": "Feature", "properties": { "id": null, "Name": null, "description": null, "timestamp": null, "begin": null, "end": null, "altitudeMode": null, "tessellate": -1, "extrude": 0, "visibility": -1, "drawOrder": null, "icon": null }, "geometry": { "type": "MultiPolygon", "coordinates": [ [ [ [ -37.5223282922761, -9.483446300325941 ], [ -37.522225107218503, -9.48353049426866 ], [ -37.522347283390999, -9.483630514140451 ], [ -37.522339686945003, -9.483600761393779 ], [ -37.522349182502502, -9.483591265836329 ], [ -37.522366907543002, -9.48360012835662 ], [ -37.522375770063299, -9.48360519265392 ], [ -37.522382733472099, -9.48360012835662 ], [ -37.5223282922761, -9.483446300325941 ] ] ] ] } },
{ "type": "Feature", "properties": { "id": null, "Name": null, "description": null, "timestamp": null, "begin": null, "end": null, "altitudeMode": null, "tessellate": -1, "extrude": 0, "visibility": -1, "drawOrder": null, "icon": null }, "geometry": { "type": "MultiPolygon", "coordinates": [ [ [ [ -37.517236141334699, -9.485635342836559 ], [ -37.517246902966399, -9.48561445261017 ], [ -37.517254499412402, -9.485599259718249 ], [ -37.517268426229997, -9.48560305794123 ], [ -37.517274123564498, -9.4856157186845 ], [ -37.517293747716501, -9.48561128742436 ], [ -37.5172950137908, -9.485513166664051 ], [ -37.517189296584597, -9.485539754224909 ], [ -37.517236141334699, -9.485635342836559 ] ] ] ] } },
{ "type": "Feature", "properties": { "id": null, "Name": null, "description": null, "timestamp": null, "begin": null, "end": null, "altitudeMode": null, "tessellate": -1, "extrude": 0, "visibility": -1, "drawOrder": null, "icon": null }, "geometry": { "type": "MultiPolygon", "coordinates": [ [ [ [ -37.5172772887503, -9.48529983314002 ], [ -37.517248169040798, -9.48524285979533 ], [ -37.517184865324403, -9.48526501609604 ], [ -37.517191828733203, -9.485323255515061 ], [ -37.5172772887503, -9.48529983314002 ] ] ] ] } },
{ "type": "Feature", "properties": { "id": null, "Name": null, "description": null, "timestamp": null, "begin": null, "end": null, "altitudeMode": null, "tessellate": -1, "extrude": 0, "visibility": -1, "drawOrder": null, "icon": null }, "geometry": { "type": "MultiPolygon", "coordinates": [ [ [ [ -37.510779478787803, -9.48767641291027 ], [ -37.510772515379003, -9.48756151666513 ], [ -37.510664899061197, -9.48759949889493 ], [ -37.510712376848502, -9.487703316989711 ], [ -37.510719340257303, -9.48769445446942 ], [ -37.510733583593499, -9.48766660083424 ], [ -37.510739913965097, -9.487656155721041 ], [ -37.510752258189797, -9.48765552268388 ], [ -37.510760487672897, -9.48766849994573 ], [ -37.510767451081698, -9.487679261577499 ], [ -37.510779478787803, -9.48767641291027 ] ] ] ] } },
{ "type": "Feature", "properties": { "id": null, "Name": null, "description": null, "timestamp": null, "begin": null, "end": null, "altitudeMode": null, "tessellate": -1, "extrude": 0, "visibility": -1, "drawOrder": null, "icon": null }, "geometry": { "type": "MultiPolygon", "coordinates": [ [ [ [ -37.510820626203397, -9.48731716432011 ], [ -37.510785176122297, -9.4872500623808 ], [ -37.510714275959998, -9.487266521347051 ], [ -37.510724404554601, -9.4873431188438 ], [ -37.510820626203397, -9.48731716432011 ] ] ] ] } },
{ "type": "Feature", "properties": { "id": null, "Name": null, "description": null, "timestamp": null, "begin": null, "end": null, "altitudeMode": null, "tessellate": -1, "extrude": 0, "visibility": -1, "drawOrder": null, "icon": null }, "geometry": { "type": "MultiPolygon", "coordinates": [ [ [ [ -37.509370338062297, -9.48784701642577 ], [ -37.509229803812097, -9.48781979582775 ], [ -37.509266519967603, -9.48796412830098 ], [ -37.509310199531797, -9.48797425689559 ], [ -37.509370338062297, -9.48784701642577 ] ] ] ] } },
{ "type": "Feature", "properties": { "id": null, "Name": null, "description": null, "timestamp": null, "begin": null, "end": null, "altitudeMode": null, "tessellate": -1, "extrude": 0, "visibility": -1, "drawOrder": null, "icon": null }, "geometry": { "type": "MultiPolygon", "coordinates": [ [ [ [ -37.509331089758199, -9.487623554307129 ], [ -37.509334254944001, -9.487571012222579 ], [ -37.509278547673702, -9.48755645236783 ], [ -37.509238033295198, -9.487603930155069 ], [ -37.509331089758199, -9.487623554307129 ] ] ] ] } },
{ "type": "Feature", "properties": { "id": null, "Name": null, "description": null, "timestamp": null, "begin": null, "end": null, "altitudeMode": null, "tessellate": -1, "extrude": 0, "visibility": -1, "drawOrder": null, "icon": null }, "geometry": { "type": "MultiPolygon", "coordinates": [ [ [ [ -37.5069882192169, -9.487317797357271 ], [ -37.506759059763802, -9.48726588830988 ], [ -37.506803372365297, -9.487519103175201 ], [ -37.506871740378898, -9.487534296067111 ], [ -37.5069882192169, -9.487317797357271 ] ] ] ] } },
{ "type": "Feature", "properties": { "id": null, "Name": null, "description": null, "timestamp": null, "begin": null, "end": null, "altitudeMode": null, "tessellate": -1, "extrude": 0, "visibility": -1, "drawOrder": null, "icon": null }, "geometry": { "type": "MultiPolygon", "coordinates": [ [ [ [ -37.506904658311399, -9.487068380714939 ], [ -37.506891997568097, -9.48696203047151 ], [ -37.506805904513897, -9.486941773282281 ], [ -37.506740068648902, -9.48702913241082 ], [ -37.506904658311399, -9.487068380714939 ] ] ] ] } },
{ "type": "Feature", "properties": { "id": null, "Name": null, "description": null, "timestamp": null, "begin": null, "end": null, "altitudeMode": null, "tessellate": -1, "extrude": 0, "visibility": -1, "drawOrder": null, "icon": null }, "geometry": { "type": "MultiPolygon", "coordinates": [ [ [ [ -37.503646416031998, -9.484898962356381 ], [ -37.503505248744602, -9.48480020855891 ], [ -37.503464101329001, -9.484989486670729 ], [ -37.503523606822299, -9.48502936801202 ], [ -37.503646416031998, -9.484898962356381 ] ] ] ] } },
{ "type": "Feature", "properties": { "id": null, "Name": null, "description": null, "timestamp": null, "begin": null, "end": null, "altitudeMode": null, "tessellate": -1, "extrude": 0, "visibility": -1, "drawOrder": null, "icon": null }, "geometry": { "type": "MultiPolygon", "coordinates": [ [ [ [ -37.503785051170702, -9.484726143210811 ], [ -37.503803409248498, -9.484624857264681 ], [ -37.503749601089602, -9.484582443774739 ], [ -37.503644516920502, -9.484624857264681 ], [ -37.503785051170702, -9.484726143210811 ] ] ] ] } },
{ "type": "Feature", "properties": { "id": null, "Name": null, "description": null, "timestamp": null, "begin": null, "end": null, "altitudeMode": null, "tessellate": -1, "extrude": 0, "visibility": -1, "drawOrder": null, "icon": null }, "geometry": { "type": "MultiPolygon", "coordinates": [ [ [ [ -37.459937732056098, -9.49313667496215 ], [ -37.459804794251802, -9.493180987563569 ], [ -37.459850372927598, -9.49331139321921 ], [ -37.459976980360302, -9.49326454846913 ], [ -37.459937732056098, -9.49313667496215 ] ] ] ] } },
{ "type": "Feature", "properties": { "id": null, "Name": null, "description": null, "timestamp": null, "begin": null, "end": null, "altitudeMode": null, "tessellate": -1, "extrude": 0, "visibility": -1, "drawOrder": null, "icon": null }, "geometry": { "type": "MultiPolygon", "coordinates": [ [ [ [ -37.460307425759503, -9.49367349047661 ], [ -37.460255516712103, -9.49352156155742 ], [ -37.459944062427802, -9.49364057254412 ], [ -37.459997237549501, -9.49378363894302 ], [ -37.460307425759503, -9.49367349047661 ] ] ] ] } },
{ "type": "Feature", "properties": { "id": null, "Name": null, "description": null, "timestamp": null, "begin": null, "end": null, "altitudeMode": null, "tessellate": -1, "extrude": 0, "visibility": -1, "drawOrder": null, "icon": null }, "geometry": { "type": "MultiPolygon", "coordinates": [ [ [ [ -37.460304893610797, -9.49398874298392 ], [ -37.460220066631003, -9.493768446051099 ], [ -37.460085862752301, -9.493824153321469 ], [ -37.460165625434897, -9.494038119882649 ], [ -37.460304893610797, -9.49398874298392 ] ] ] ] } },
{ "type": "Feature", "properties": { "id": null, "Name": null, "description": null, "timestamp": null, "begin": null, "end": null, "altitudeMode": null, "tessellate": -1, "extrude": 0, "visibility": -1, "drawOrder": null, "icon": null }, "geometry": { "type": "MultiPolygon", "coordinates": [ [ [ [ -37.4604884743882, -9.494248288220859 ], [ -37.460403014371103, -9.493997605504211 ], [ -37.460166891509203, -9.49408116640976 ], [ -37.460257415823598, -9.49433374823791 ], [ -37.4604884743882, -9.494248288220859 ] ] ] ] } },
{ "type": "Feature", "properties": { "id": null, "Name": null, "description": null, "timestamp": null, "begin": null, "end": null, "altitudeMode": null, "tessellate": -1, "extrude": 0, "visibility": -1, "drawOrder": null, "icon": null }, "geometry": { "type": "MultiPolygon", "coordinates": [ [ [ [ -37.459770610245002, -9.49409129500437 ], [ -37.459716169049003, -9.49393176963922 ], [ -37.459613617028502, -9.493963421497391 ], [ -37.459668691261797, -9.4941235798997 ], [ -37.459770610245002, -9.49409129500437 ] ] ] ] } },
{ "type": "Feature", "properties": { "id": null, "Name": null, "description": null, "timestamp": null, "begin": null, "end": null, "altitudeMode": null, "tessellate": -1, "extrude": 0, "visibility": -1, "drawOrder": null, "icon": null }, "geometry": { "type": "MultiPolygon", "coordinates": [ [ [ [ -37.459353438754398, -9.492958791519261 ], [ -37.4593414110483, -9.4929581584821 ], [ -37.459336979788198, -9.49295942455643 ], [ -37.459334447639499, -9.492965754928059 ], [ -37.459334447639499, -9.492970186188201 ], [ -37.459340144974, -9.49297968174565 ], [ -37.459344576234201, -9.492984113005789 ], [ -37.4593566039403, -9.492986645154449 ], [ -37.459361668237598, -9.492984746042961 ], [ -37.4593660994977, -9.492978415671329 ], [ -37.459365466460497, -9.49297271833686 ], [ -37.459362301274702, -9.49296448885373 ], [ -37.4593566039403, -9.492958791519261 ], [ -37.459353438754398, -9.492958791519261 ] ] ] ] } },
{ "type": "Feature", "properties": { "id": null, "Name": null, "description": null, "timestamp": null, "begin": null, "end": null, "altitudeMode": null, "tessellate": -1, "extrude": 0, "visibility": -1, "drawOrder": null, "icon": null }, "geometry": { "type": "MultiPolygon", "coordinates": [ [ [ [ -38.129650430921799, -9.360060209158039 ], [ -38.129600579245199, -9.36008086199549 ], [ -38.129669659425701, -9.360256055030421 ], [ -38.129724496269901, -9.360233265692541 ], [ -38.129650430921799, -9.360060209158039 ] ] ] ] } },
{ "type": "Feature", "properties": { "id": null, "Name": null, "description": null, "timestamp": null, "begin": null, "end": null, "altitudeMode": null, "tessellate": -1, "extrude": 0, "visibility": -1, "drawOrder": null, "icon": null }, "geometry": { "type": "MultiPolygon", "coordinates": [ [ [ [ -37.638783175113701, -9.337109217760579 ], [ -37.638677418342603, -9.337216176313159 ], [ -37.638810816087997, -9.33727506360615 ], [ -37.638816824995402, -9.33726424757274 ], [ -37.638808412525002, -9.3372462208504 ], [ -37.638813219650899, -9.337216176313159 ], [ -37.638820430339898, -9.337207763842731 ], [ -37.638833649936302, -9.337201754935281 ], [ -37.638855282003099, -9.337201754935281 ], [ -37.638864896255001, -9.337189737120379 ], [ -37.638783175113701, -9.337109217760579 ] ] ] ] } },
{ "type": "Feature", "properties": { "id": null, "Name": null, "description": null, "timestamp": null, "begin": null, "end": null, "altitudeMode": null, "tessellate": -1, "extrude": 0, "visibility": -1, "drawOrder": null, "icon": null }, "geometry": { "type": "MultiPolygon", "coordinates": [ [ [ [ -37.638611320360702, -9.33699264495608 ], [ -37.638540415252798, -9.33692173984819 ], [ -37.6385259938749, -9.336932555881591 ], [ -37.6385175814045, -9.336940968352019 ], [ -37.638518783186001, -9.336946977259471 ], [ -37.638518783186001, -9.336952986166921 ], [ -37.6385175814045, -9.336974618233731 ], [ -37.638506765371098, -9.336983030704159 ], [ -37.638506765371098, -9.336983030704159 ], [ -37.638489940430198, -9.33697942535969 ], [ -37.638475519052299, -9.33697221467075 ], [ -37.638467106581899, -9.33698423248565 ], [ -37.638465904800398, -9.33699264495608 ], [ -37.638504361808103, -9.337094796382701 ], [ -37.638611320360702, -9.33699264495608 ] ] ] ] } },
{ "type": "Feature", "properties": { "id": null, "Name": null, "description": null, "timestamp": null, "begin": null, "end": null, "altitudeMode": null, "tessellate": -1, "extrude": 0, "visibility": -1, "drawOrder": null, "icon": null }, "geometry": { "type": "MultiPolygon", "coordinates": [ [ [ [ -37.634201483332703, -9.352374246242389 ], [ -37.634260771219502, -9.35230534410365 ], [ -37.634227121337801, -9.35224926096746 ], [ -37.634142195445897, -9.35230053697769 ], [ -37.634201483332703, -9.352374246242389 ] ] ] ] } },
{ "type": "Feature", "properties": { "id": null, "Name": null, "description": null, "timestamp": null, "begin": null, "end": null, "altitudeMode": null, "tessellate": -1, "extrude": 0, "visibility": -1, "drawOrder": null, "icon": null }, "geometry": { "type": "MultiPolygon", "coordinates": [ [ [ [ -37.634018812546302, -9.352508845769229 ], [ -37.6339643317854, -9.352431931753889 ], [ -37.633932284278998, -9.35248801489008 ], [ -37.633965934160699, -9.352531279023699 ], [ -37.634018812546302, -9.352508845769229 ] ] ] ] } },
{ "type": "Feature", "properties": { "id": null, "Name": null, "description": null, "timestamp": null, "begin": null, "end": null, "altitudeMode": null, "tessellate": -1, "extrude": 0, "visibility": -1, "drawOrder": null, "icon": null }, "geometry": { "type": "MultiPolygon", "coordinates": [ [ [ [ -37.609612633460003, -9.387452779082141 ], [ -37.609519695691397, -9.387504055092361 ], [ -37.609598746207197, -9.38757135485579 ], [ -37.609643612716098, -9.38754998985153 ], [ -37.609612633460003, -9.387452779082141 ] ] ] ] } },
{ "type": "Feature", "properties": { "id": null, "Name": null, "description": null, "timestamp": null, "begin": null, "end": null, "altitudeMode": null, "tessellate": -1, "extrude": 0, "visibility": -1, "drawOrder": null, "icon": null }, "geometry": { "type": "MultiPolygon", "coordinates": [ [ [ [ -37.609498864812302, -9.38725194804209 ], [ -37.609447054676899, -9.38719372840548 ], [ -37.609403790543297, -9.387219366410591 ], [ -37.609425689672698, -9.3873021558021 ], [ -37.609498864812302, -9.38725194804209 ] ] ] ] } },
{ "type": "Feature", "properties": { "id": null, "Name": null, "description": null, "timestamp": null, "begin": null, "end": null, "altitudeMode": null, "tessellate": -1, "extrude": 0, "visibility": -1, "drawOrder": null, "icon": null }, "geometry": { "type": "MultiPolygon", "coordinates": [ [ [ [ -37.606202749106401, -9.40948612221993 ], [ -37.606209395996601, -9.409676982924671 ], [ -37.606419247816198, -9.40963045469316 ], [ -37.606417348704802, -9.40960006890932 ], [ -37.606361324915802, -9.40960291757656 ], [ -37.606361324915802, -9.40958012823868 ], [ -37.606413550481797, -9.40955543978931 ], [ -37.606414500037502, -9.409536448674411 ], [ -37.606202749106401, -9.40948612221993 ] ] ] ] } },
{ "type": "Feature", "properties": { "id": null, "Name": null, "description": null, "timestamp": null, "begin": null, "end": null, "altitudeMode": null, "tessellate": -1, "extrude": 0, "visibility": -1, "drawOrder": null, "icon": null }, "geometry": { "type": "MultiPolygon", "coordinates": [ [ [ [ -37.607795154090702, -9.418938000105451 ], [ -37.607912899002997, -9.418835448085 ], [ -37.607873017661703, -9.41879936496669 ], [ -37.607850228323898, -9.418736694287521 ], [ -37.6077058958506, -9.41881265874712 ], [ -37.607795154090702, -9.418938000105451 ] ] ] ] } },
{ "type": "Feature", "properties": { "id": null, "Name": null, "description": null, "timestamp": null, "begin": null, "end": null, "altitudeMode": null, "tessellate": -1, "extrude": 0, "visibility": -1, "drawOrder": null, "icon": null }, "geometry": { "type": "MultiPolygon", "coordinates": [ [ [ [ -37.607814145205602, -9.41935580463324 ], [ -37.607711593185101, -9.419220967717459 ], [ -37.607631830502498, -9.419331116183869 ], [ -37.607703996739097, -9.41941467708943 ], [ -37.607814145205602, -9.41935580463324 ] ] ] ] } },
{ "type": "Feature", "properties": { "id": null, "Name": null, "description": null, "timestamp": null, "begin": null, "end": null, "altitudeMode": null, "tessellate": -1, "extrude": 0, "visibility": -1, "drawOrder": null, "icon": null }, "geometry": { "type": "MultiPolygon", "coordinates": [ [ [ [ -37.5921585031193, -9.446047183587551 ], [ -37.592006574200099, -9.446158598128291 ], [ -37.592126851261099, -9.44630039845288 ], [ -37.592139512004401, -9.44627254481769 ], [ -37.592176228159801, -9.446243425108181 ], [ -37.592211678241, -9.446240892959519 ], [ -37.5921585031193, -9.446047183587551 ] ] ] ] } },
{ "type": "Feature", "properties": { "id": null, "Name": null, "description": null, "timestamp": null, "begin": null, "end": null, "altitudeMode": null, "tessellate": -1, "extrude": 0, "visibility": -1, "drawOrder": null, "icon": null }, "geometry": { "type": "MultiPolygon", "coordinates": [ [ [ [ -37.591797038899003, -9.44602692639832 ], [ -37.591663468057597, -9.445993375428669 ], [ -37.591650807314302, -9.44600793528342 ], [ -37.5916558716116, -9.446027559435491 ], [ -37.591627384939201, -9.446056679145 ], [ -37.5916134581216, -9.44605161484769 ], [ -37.591602063452697, -9.44606300951663 ], [ -37.591668532354902, -9.446169992797239 ], [ -37.591797038899003, -9.44602692639832 ] ] ] ] } },
{ "type": "Feature", "properties": { "id": null, "Name": null, "description": null, "timestamp": null, "begin": null, "end": null, "altitudeMode": null, "tessellate": -1, "extrude": 0, "visibility": -1, "drawOrder": null, "icon": null }, "geometry": { "type": "MultiPolygon", "coordinates": [ [ [ [ -37.440586128916102, -9.495524972624491 ], [ -37.440584018792201, -9.495527926797919 ], [ -37.440581486643602, -9.49553889944208 ], [ -37.440584018792201, -9.49554396373939 ], [ -37.440587394990402, -9.49554691791282 ], [ -37.440592037263002, -9.495548606011919 ], [ -37.4405983676346, -9.49554987208624 ], [ -37.440605120031002, -9.49554480778894 ], [ -37.440605120031002, -9.495539321466859 ], [ -37.440603431931898, -9.495530880971341 ], [ -37.440597523584998, -9.495525816674039 ], [ -37.440586128916102, -9.495524972624491 ] ] ] ] } },
{ "type": "Feature", "properties": { "id": null, "Name": null, "description": null, "timestamp": null, "begin": null, "end": null, "altitudeMode": null, "tessellate": -1, "extrude": 0, "visibility": -1, "drawOrder": null, "icon": null }, "geometry": { "type": "MultiPolygon", "coordinates": [ [ [ [ -37.4405511008597, -9.495538055392529 ], [ -37.440547724661499, -9.49554100956596 ], [ -37.440543082388999, -9.495547761962371 ], [ -37.440543504413803, -9.49555324828445 ], [ -37.440545614537697, -9.4955574685322 ], [ -37.440551522884498, -9.49556168877996 ], [ -37.440557853256102, -9.49556379890384 ], [ -37.4405629175535, -9.49556422092861 ], [ -37.440564605652597, -9.49556337687906 ], [ -37.4405688259003, -9.49556042270563 ], [ -37.440569247925097, -9.49555451435878 ], [ -37.440568403875503, -9.49554818398714 ], [ -37.440564183627799, -9.49554269766506 ], [ -37.4405511008597, -9.495538055392529 ] ] ] ] } },
{ "type": "Feature", "properties": { "id": null, "Name": null, "description": null, "timestamp": null, "begin": null, "end": null, "altitudeMode": null, "tessellate": -1, "extrude": 0, "visibility": -1, "drawOrder": null, "icon": null }, "geometry": { "type": "MultiPolygon", "coordinates": [ [ [ [ -37.440630441517499, -9.495603047207959 ], [ -37.440621156972497, -9.495603469232741 ], [ -37.440621156972497, -9.495603469232741 ], [ -37.440615670650402, -9.4956093775796 ], [ -37.440615248625598, -9.495612331753019 ], [ -37.440615248625598, -9.495617818075109 ], [ -37.440617358749499, -9.49562203832286 ], [ -37.440622001022, -9.495625836545839 ], [ -37.440624955195503, -9.495627102620171 ], [ -37.440631707591898, -9.495628368694501 ], [ -37.440634661765301, -9.49562752464495 ], [ -37.440637615938698, -9.495624992496291 ], [ -37.440640570112201, -9.49561908414943 ], [ -37.440640570112201, -9.495615707951229 ], [ -37.440639726062599, -9.49561190972825 ], [ -37.440630441517499, -9.495603047207959 ] ] ] ] } },
{ "type": "Feature", "properties": { "id": null, "Name": null, "description": null, "timestamp": null, "begin": null, "end": null, "altitudeMode": null, "tessellate": -1, "extrude": 0, "visibility": -1, "drawOrder": null, "icon": null }, "geometry": { "type": "MultiPolygon", "coordinates": [ [ [ [ -37.440589927139101, -9.495560844730409 ], [ -37.440552366934099, -9.49557561559755 ], [ -37.4405688259003, -9.495614441876899 ], [ -37.4406042759814, -9.495599248984981 ], [ -37.440589927139101, -9.495560844730409 ] ] ] ] } },
{ "type": "Feature", "properties": { "id": null, "Name": null, "description": null, "timestamp": null, "begin": null, "end": null, "altitudeMode": null, "tessellate": -1, "extrude": 0, "visibility": -1, "drawOrder": null, "icon": null }, "geometry": { "type": "MultiPolygon", "coordinates": [ [ [ [ -37.459314955417597, -9.49295800692723 ], [ -37.459305670872602, -9.492959695026331 ], [ -37.459298496451403, -9.492965181348421 ], [ -37.459298074426599, -9.49297362184393 ], [ -37.459312845293802, -9.49298712663674 ], [ -37.459318753640602, -9.49298712663674 ], [ -37.459329304260002, -9.492986282587189 ], [ -37.459331836408701, -9.49297995221556 ], [ -37.459328882235198, -9.49296940159617 ], [ -37.459322129838803, -9.492963493249309 ], [ -37.459314955417597, -9.49295800692723 ] ] ] ] } },
{ "type": "Feature", "properties": { "id": null, "Name": null, "description": null, "timestamp": null, "begin": null, "end": null, "altitudeMode": null, "tessellate": -1, "extrude": 0, "visibility": -1, "drawOrder": null, "icon": null }, "geometry": { "type": "MultiPolygon", "coordinates": [ [ [ [ -37.459275707113498, -9.49296096110066 ], [ -37.459271486865802, -9.49296011705111 ], [ -37.459268954717103, -9.492963493249309 ], [ -37.459265578518902, -9.492975309943031 ], [ -37.459270220791403, -9.49298206233944 ], [ -37.459278661286902, -9.49298586056242 ], [ -37.459284991658599, -9.492988814735851 ], [ -37.459290055955897, -9.49298586056242 ], [ -37.459291322030197, -9.4929757319678 ], [ -37.459285835708101, -9.492965181348421 ], [ -37.459275707113498, -9.49296096110066 ] ] ] ] } },
{ "type": "Feature", "properties": { "id": null, "Name": null, "description": null, "timestamp": null, "begin": null, "end": null, "altitudeMode": null, "tessellate": -1, "extrude": 0, "visibility": -1, "drawOrder": null, "icon": null }, "geometry": { "type": "MultiPolygon", "coordinates": [ [ [ [ -37.459349139424504, -9.49300653977642 ], [ -37.459343231077597, -9.493009282937461 ], [ -37.459340909941297, -9.493011182048949 ], [ -37.459336056656397, -9.493022576717889 ], [ -37.459340909941297, -9.493030806201009 ], [ -37.459343442090002, -9.49303354936205 ], [ -37.459347029300602, -9.493035026448769 ], [ -37.459351882585501, -9.49303587049832 ], [ -37.459358845994302, -9.493035026448769 ], [ -37.459362011180097, -9.49303122822579 ], [ -37.459363277254397, -9.493021943680731 ], [ -37.459363277254397, -9.49301498027193 ], [ -37.459357790932401, -9.493009493949851 ], [ -37.459349139424504, -9.49300653977642 ] ] ] ] } },
{ "type": "Feature", "properties": { "id": null, "Name": null, "description": null, "timestamp": null, "begin": null, "end": null, "altitudeMode": null, "tessellate": -1, "extrude": 0, "visibility": -1, "drawOrder": null, "icon": null }, "geometry": { "type": "MultiPolygon", "coordinates": [ [ [ [ -37.459312212256599, -9.4930120260985 ], [ -37.459303982773498, -9.49301772343297 ], [ -37.459308836058398, -9.493029751139071 ], [ -37.459312423268997, -9.493032916324889 ], [ -37.459317698578701, -9.493032705312499 ], [ -37.459324239962697, -9.493028696077131 ], [ -37.459325084012299, -9.493023631779829 ], [ -37.459318331615798, -9.49301287014805 ], [ -37.459312212256599, -9.4930120260985 ] ] ] ] } },
{ "type": "Feature", "properties": { "id": null, "Name": null, "description": null, "timestamp": null, "begin": null, "end": null, "altitudeMode": null, "tessellate": -1, "extrude": 0, "visibility": -1, "drawOrder": null, "icon": null }, "geometry": { "type": "MultiPolygon", "coordinates": [ [ [ [ -37.459272119902899, -9.493011182048949 ], [ -37.459267688642797, -9.49301561330909 ], [ -37.4592624133331, -9.493019200519679 ], [ -37.459265789531301, -9.49302743000281 ], [ -37.459271275853403, -9.493036081510709 ], [ -37.459279716348902, -9.49303692556026 ], [ -37.459287945832003, -9.49303249430011 ], [ -37.459290266968303, -9.49302342076744 ], [ -37.4592896339311, -9.49301519128432 ], [ -37.459279294324098, -9.493010126987009 ], [ -37.459272119902899, -9.493011182048949 ] ] ] ] } },
{ "type": "Feature", "properties": { "id": null, "Name": null, "description": null, "timestamp": null, "begin": null, "end": null, "altitudeMode": null, "tessellate": -1, "extrude": 0, "visibility": -1, "drawOrder": null, "icon": null }, "geometry": { "type": "MultiPolygon", "coordinates": [ [ [ [ -37.459343231077597, -9.49304156783279 ], [ -37.4593402769042, -9.49304937529114 ], [ -37.459338799817502, -9.493056760724709 ], [ -37.459340698928997, -9.4930620360344 ], [ -37.459345974238602, -9.49306857741842 ], [ -37.459352937647402, -9.493070265517529 ], [ -37.459357368907597, -9.49306541223261 ], [ -37.459361800167699, -9.493057815786649 ], [ -37.459363488266803, -9.4930483202292 ], [ -37.459354836758898, -9.493041989857559 ], [ -37.459343231077597, -9.49304156783279 ] ] ] ] } },
{ "type": "Feature", "properties": { "id": null, "Name": null, "description": null, "timestamp": null, "begin": null, "end": null, "altitudeMode": null, "tessellate": -1, "extrude": 0, "visibility": -1, "drawOrder": null, "icon": null }, "geometry": { "type": "MultiPolygon", "coordinates": [ [ [ [ -37.459313689343297, -9.49304367795667 ], [ -37.459307358971699, -9.49304705415487 ], [ -37.4593037717611, -9.49304958630352 ], [ -37.459304193785897, -9.49305929287336 ], [ -37.4593060928974, -9.493065834257379 ], [ -37.459314744405297, -9.49306857741842 ], [ -37.459319597690197, -9.49306773336887 ], [ -37.4593248729999, -9.49306245805918 ], [ -37.4593261390742, -9.493055916675161 ], [ -37.459324450975103, -9.49304705415487 ], [ -37.459313689343297, -9.49304367795667 ] ] ] ] } },
{ "type": "Feature", "properties": { "id": null, "Name": null, "description": null, "timestamp": null, "begin": null, "end": null, "altitudeMode": null, "tessellate": -1, "extrude": 0, "visibility": -1, "drawOrder": null, "icon": null }, "geometry": { "type": "MultiPolygon", "coordinates": [ [ [ [ -37.459275707113498, -9.49304367795667 ], [ -37.459268110667601, -9.49305718274948 ], [ -37.459268532692299, -9.49306140299724 ], [ -37.459281193435601, -9.49306878843081 ], [ -37.459288789881597, -9.493064990207831 ], [ -37.459293432154098, -9.49305823781142 ], [ -37.459291744055001, -9.493045155043379 ], [ -37.459275707113498, -9.49304367795667 ] ] ] ] } },
{ "type": "Feature", "properties": { "id": null, "Name": null, "description": null, "timestamp": null, "begin": null, "end": null, "altitudeMode": null, "tessellate": -1, "extrude": 0, "visibility": -1, "drawOrder": null, "icon": null }, "geometry": { "type": "MultiPolygon", "coordinates": [ [ [ [ -37.459319175665399, -9.49309875218988 ], [ -37.4593084140336, -9.493101917375689 ], [ -37.459305670872602, -9.49310487154912 ], [ -37.459302927711498, -9.49311415609418 ], [ -37.459305670872602, -9.49311964241627 ], [ -37.4593132673185, -9.49312449570119 ], [ -37.459319175665399, -9.493126394812681 ], [ -37.459324239962697, -9.493125761775509 ], [ -37.459328038185703, -9.49312344063925 ], [ -37.459331625396302, -9.49311711026761 ], [ -37.459331203371498, -9.49310930280927 ], [ -37.459319175665399, -9.49309875218988 ] ] ] ] } },
{ "type": "Feature", "properties": { "id": null, "Name": null, "description": null, "timestamp": null, "begin": null, "end": null, "altitudeMode": null, "tessellate": -1, "extrude": 0, "visibility": -1, "drawOrder": null, "icon": null }, "geometry": { "type": "MultiPolygon", "coordinates": [ [ [ [ -37.459279294324098, -9.49309769712794 ], [ -37.459272330915297, -9.493111412933141 ], [ -37.459271486865802, -9.49311922039149 ], [ -37.459277395212602, -9.49312217456492 ], [ -37.459282881534698, -9.493125128738351 ], [ -37.459293643166497, -9.493126183800291 ], [ -37.459297441389502, -9.493123018614471 ], [ -37.459299551513297, -9.49311415609418 ], [ -37.459294698228398, -9.493102972437629 ], [ -37.459279294324098, -9.49309769712794 ] ] ] ] } },
{ "type": "Feature", "properties": { "id": null, "Name": null, "description": null, "timestamp": null, "begin": null, "end": null, "altitudeMode": null, "tessellate": -1, "extrude": 0, "visibility": -1, "drawOrder": null, "icon": null }, "geometry": { "type": "MultiPolygon", "coordinates": [ [ [ [ -37.459320019715001, -9.49313356923386 ], [ -37.459303349736302, -9.49314116567982 ], [ -37.459303138723897, -9.493151716299209 ], [ -37.459314111368101, -9.4931605788195 ], [ -37.459318542628203, -9.493161211856661 ], [ -37.459326561098997, -9.49315952375756 ], [ -37.459330570334302, -9.49315488148503 ], [ -37.4593297262848, -9.49314433086564 ], [ -37.459320019715001, -9.49313356923386 ] ] ] ] } },
{ "type": "Feature", "properties": { "id": null, "Name": null, "description": null, "timestamp": null, "begin": null, "end": null, "altitudeMode": null, "tessellate": -1, "extrude": 0, "visibility": -1, "drawOrder": null, "icon": null }, "geometry": { "type": "MultiPolygon", "coordinates": [ [ [ [ -37.459285835708101, -9.49313378024625 ], [ -37.459276973187897, -9.49313694543206 ], [ -37.459272541927703, -9.49314011061788 ], [ -37.4592719088905, -9.493147496051449 ], [ -37.459275074076402, -9.49315551452219 ], [ -37.459281404447999, -9.493159101732781 ], [ -37.459288578869199, -9.493159101732781 ], [ -37.459295542277999, -9.49315656958413 ], [ -37.459298707463802, -9.493151927311599 ], [ -37.459299551513297, -9.493145385927569 ], [ -37.459285835708101, -9.49313378024625 ] ] ] ] } },
{ "type": "Feature", "properties": { "id": null, "Name": null, "description": null, "timestamp": null, "begin": null, "end": null, "altitudeMode": null, "tessellate": -1, "extrude": 0, "visibility": -1, "drawOrder": null, "icon": null }, "geometry": { "type": "MultiPolygon", "coordinates": [ [ [ [ -37.459280771410803, -9.493190120553789 ], [ -37.459271486865802, -9.49319054257856 ], [ -37.4592706428162, -9.493194340801541 ], [ -37.459270220791403, -9.49321037774301 ], [ -37.4592778172374, -9.493219240263301 ], [ -37.459287945832003, -9.49321966228807 ], [ -37.459295542277999, -9.49321417596599 ], [ -37.459298074426599, -9.493204469396151 ], [ -37.459297230377103, -9.49319560687587 ], [ -37.459280771410803, -9.493190120553789 ] ] ] ] } },
{ "type": "Feature", "properties": { "id": null, "Name": null, "description": null, "timestamp": null, "begin": null, "end": null, "altitudeMode": null, "tessellate": -1, "extrude": 0, "visibility": -1, "drawOrder": null, "icon": null }, "geometry": { "type": "MultiPolygon", "coordinates": [ [ [ [ -37.459378470146397, -9.493134940814381 ], [ -37.459378364640202, -9.49311099090837 ], [ -37.459345341201498, -9.493111096414561 ], [ -37.459345552213897, -9.4931346242958 ], [ -37.459378470146397, -9.493134940814381 ] ] ] ] } },
{ "type": "Feature", "properties": { "id": null, "Name": null, "description": null, "timestamp": null, "begin": null, "end": null, "altitudeMode": null, "tessellate": -1, "extrude": 0, "visibility": -1, "drawOrder": null, "icon": null }, "geometry": { "type": "MultiPolygon", "coordinates": [ [ [ [ -37.459487167902601, -9.49347875912372 ], [ -37.459307939255702, -9.493499728479749 ], [ -37.459310313145103, -9.493541271543601 ], [ -37.459330886852896, -9.493538897654229 ], [ -37.459332469445798, -9.493561845251399 ], [ -37.459493893922499, -9.493545623674089 ], [ -37.459487167902601, -9.49347875912372 ] ] ] ] } },
{ "type": "Feature", "properties": { "id": null, "Name": null, "description": null, "timestamp": null, "begin": null, "end": null, "altitudeMode": null, "tessellate": -1, "extrude": 0, "visibility": -1, "drawOrder": null, "icon": null }, "geometry": { "type": "MultiPolygon", "coordinates": [ [ [ [ -37.458813378971897, -9.49212682913179 ], [ -37.458799135635701, -9.491968569840949 ], [ -37.458779353224401, -9.49195907428351 ], [ -37.4587587795166, -9.491982021880681 ], [ -37.458722379879703, -9.491967778544501 ], [ -37.458725545065498, -9.491944830947331 ], [ -37.458697058393099, -9.491938500575699 ], [ -37.458687562835699, -9.491968569840949 ], [ -37.458617137451299, -9.492075394862271 ], [ -37.458813378971897, -9.49212682913179 ] ] ] ] } },
{ "type": "Feature", "properties": { "id": null, "Name": null, "description": null, "timestamp": null, "begin": null, "end": null, "altitudeMode": null, "tessellate": -1, "extrude": 0, "visibility": -1, "drawOrder": null, "icon": null }, "geometry": { "type": "MultiPolygon", "coordinates": [ [ [ [ -37.458593398557603, -9.492298144814111 ], [ -37.458447800010099, -9.492256997398499 ], [ -37.458458086863999, -9.492354722510591 ], [ -37.4584794518682, -9.492359865937541 ], [ -37.458525347062597, -9.49237925270066 ], [ -37.458593398557603, -9.492298144814111 ] ] ] ] } },
{ "type": "Feature", "properties": { "id": null, "Name": null, "description": null, "timestamp": null, "begin": null, "end": null, "altitudeMode": null, "tessellate": -1, "extrude": 0, "visibility": -1, "drawOrder": null, "icon": null }, "geometry": { "type": "MultiPolygon", "coordinates": [ [ [ [ -38.191740641487002, -9.340243409479269 ], [ -38.191724024261497, -9.34021096632465 ], [ -38.191691185458602, -9.340224814012601 ], [ -38.1917081983324, -9.34025804846368 ], [ -38.191740641487002, -9.340243409479269 ] ] ] ] } },
{ "type": "Feature", "properties": { "id": null, "Name": null, "description": null, "timestamp": null, "begin": null, "end": null, "altitudeMode": null, "tessellate": -1, "extrude": 0, "visibility": -1, "drawOrder": null, "icon": null }, "geometry": { "type": "MultiPolygon", "coordinates": [ [ [ [ -37.981123858157297, -9.31550613219766 ], [ -37.981028824430098, -9.315522387966791 ], [ -37.981055708971297, -9.315691197877021 ], [ -37.981149492254801, -9.315676817773561 ], [ -37.981123858157297, -9.31550613219766 ] ] ] ] } },
{ "type": "Feature", "properties": { "id": null, "Name": null, "description": null, "timestamp": null, "begin": null, "end": null, "altitudeMode": null, "tessellate": -1, "extrude": 0, "visibility": -1, "drawOrder": null, "icon": null }, "geometry": { "type": "MultiPolygon", "coordinates": [ [ [ [ -37.881788897625803, -9.35582449973009 ], [ -37.881726653313201, -9.355795353583719 ], [ -37.881729617328098, -9.35586401992855 ], [ -37.881705411206497, -9.35595294037509 ], [ -37.881730111330597, -9.355960844414779 ], [ -37.881751847439702, -9.35587439398064 ], [ -37.881788897625803, -9.35582449973009 ] ] ] ] } },
{ "type": "Feature", "properties": { "id": null, "Name": null, "description": null, "timestamp": null, "begin": null, "end": null, "altitudeMode": null, "tessellate": -1, "extrude": 0, "visibility": -1, "drawOrder": null, "icon": null }, "geometry": { "type": "MultiPolygon", "coordinates": [ [ [ [ -37.880664547979499, -9.355750893360449 ], [ -37.880587977594999, -9.355755833385251 ], [ -37.880624533778601, -9.35585216386901 ], [ -37.880642317867903, -9.35592774624857 ], [ -37.880678874051497, -9.35591885420391 ], [ -37.880665535984498, -9.3558496938566 ], [ -37.880664547979499, -9.355750893360449 ] ] ] ] } },
{ "type": "Feature", "properties": { "id": null, "Name": null, "description": null, "timestamp": null, "begin": null, "end": null, "altitudeMode": null, "tessellate": -1, "extrude": 0, "visibility": -1, "drawOrder": null, "icon": null }, "geometry": { "type": "MultiPolygon", "coordinates": [ [ [ [ -37.679861431585003, -9.31513697340521 ], [ -37.6798643955998, -9.315055462995881 ], [ -37.679812031336901, -9.315044100938829 ], [ -37.679778933170702, -9.31512561134816 ], [ -37.679861431585003, -9.31513697340521 ] ] ] ] } },
{ "type": "Feature", "properties": { "id": null, "Name": null, "description": null, "timestamp": null, "begin": null, "end": null, "altitudeMode": null, "tessellate": -1, "extrude": 0, "visibility": -1, "drawOrder": null, "icon": null }, "geometry": { "type": "MultiPolygon", "coordinates": [ [ [ [ -37.679855503555203, -9.31538051662824 ], [ -37.679757691063998, -9.31537557660344 ], [ -37.679788813220298, -9.315436338908571 ], [ -37.679820923381499, -9.31543880892098 ], [ -37.679855503555203, -9.31538051662824 ] ] ] ] } },
{ "type": "Feature", "properties": { "id": null, "Name": null, "description": null, "timestamp": null, "begin": null, "end": null, "altitudeMode": null, "tessellate": -1, "extrude": 0, "visibility": -1, "drawOrder": null, "icon": null }, "geometry": { "type": "MultiPolygon", "coordinates": [ [ [ [ -37.676648439449899, -9.317376780653101 ], [ -37.676509130750297, -9.3175052212981 ], [ -37.676648439449899, -9.317573393640449 ], [ -37.676708707752603, -9.317510161322909 ], [ -37.676648439449899, -9.317376780653101 ] ] ] ] } },
{ "type": "Feature", "properties": { "id": null, "Name": null, "description": null, "timestamp": null, "begin": null, "end": null, "altitudeMode": null, "tessellate": -1, "extrude": 0, "visibility": -1, "drawOrder": null, "icon": null }, "geometry": { "type": "MultiPolygon", "coordinates": [ [ [ [ -37.676589159152201, -9.317096187244021 ], [ -37.676491346661003, -9.31701912285701 ], [ -37.676428114343501, -9.317075439139821 ], [ -37.676463682522098, -9.31721771185429 ], [ -37.676589159152201, -9.317096187244021 ] ] ] ] } },
{ "type": "Feature", "properties": { "id": null, "Name": null, "description": null, "timestamp": null, "begin": null, "end": null, "altitudeMode": null, "tessellate": -1, "extrude": 0, "visibility": -1, "drawOrder": null, "icon": null }, "geometry": { "type": "MultiPolygon", "coordinates": [ [ [ [ -37.671658026388997, -9.32415251867956 ], [ -37.671520693699399, -9.32420488294253 ], [ -37.671630362250099, -9.324302695433721 ], [ -37.671691618557702, -9.32428095932457 ], [ -37.671658026388997, -9.32415251867956 ] ] ] ] } },
{ "type": "Feature", "properties": { "id": null, "Name": null, "description": null, "timestamp": null, "begin": null, "end": null, "altitudeMode": null, "tessellate": -1, "extrude": 0, "visibility": -1, "drawOrder": null, "icon": null }, "geometry": { "type": "MultiPolygon", "coordinates": [ [ [ [ -37.671568117937497, -9.32391934950863 ], [ -37.671508837639799, -9.32381857300255 ], [ -37.671435725272701, -9.323847225146441 ], [ -37.671431773252799, -9.3239766537964 ], [ -37.671568117937497, -9.32391934950863 ] ] ] ] } },
{ "type": "Feature", "properties": { "id": null, "Name": null, "description": null, "timestamp": null, "begin": null, "end": null, "altitudeMode": null, "tessellate": -1, "extrude": 0, "visibility": -1, "drawOrder": null, "icon": null }, "geometry": { "type": "MultiPolygon", "coordinates": [ [ [ [ -37.668300785529603, -9.325424081065099 ], [ -37.668204949048402, -9.325360848747559 ], [ -37.6681555488003, -9.32541716503037 ], [ -37.668205937053301, -9.325527821586061 ], [ -37.668300785529603, -9.325424081065099 ] ] ] ] } },
{ "type": "Feature", "properties": { "id": null, "Name": null, "description": null, "timestamp": null, "begin": null, "end": null, "altitudeMode": null, "tessellate": -1, "extrude": 0, "visibility": -1, "drawOrder": null, "icon": null }, "geometry": { "type": "MultiPolygon", "coordinates": [ [ [ [ -37.668605091057799, -9.325497193432261 ], [ -37.668483566447499, -9.32561377801772 ], [ -37.668613983102397, -9.32566811829061 ], [ -37.668682155444799, -9.32560093395322 ], [ -37.668605091057799, -9.325497193432261 ] ] ] ] } },
{ "type": "Feature", "properties": { "id": null, "Name": null, "description": null, "timestamp": null, "begin": null, "end": null, "altitudeMode": null, "tessellate": -1, "extrude": 0, "visibility": -1, "drawOrder": null, "icon": null }, "geometry": { "type": "MultiPolygon", "coordinates": [ [ [ [ -37.654206894752797, -9.327248432226661 ], [ -37.654115504293898, -9.32724448020681 ], [ -37.654131312373302, -9.32730870052931 ], [ -37.654182194628802, -9.32730820652683 ], [ -37.654206894752797, -9.327248432226661 ] ] ] ] } },
{ "type": "Feature", "properties": { "id": null, "Name": null, "description": null, "timestamp": null, "begin": null, "end": null, "altitudeMode": null, "tessellate": -1, "extrude": 0, "visibility": -1, "drawOrder": null, "icon": null }, "geometry": { "type": "MultiPolygon", "coordinates": [ [ [ [ -37.654287911159699, -9.327029095125191 ], [ -37.654278525112503, -9.326975248854779 ], [ -37.654241474926501, -9.32697327284486 ], [ -37.6542227028322, -9.327029095125191 ], [ -37.654287911159699, -9.327029095125191 ] ] ] ] } },
{ "type": "Feature", "properties": { "id": null, "Name": null, "description": null, "timestamp": null, "begin": null, "end": null, "altitudeMode": null, "tessellate": -1, "extrude": 0, "visibility": -1, "drawOrder": null, "icon": null }, "geometry": { "type": "MultiPolygon", "coordinates": [ [ [ [ -37.658264631130002, -9.327756760779391 ], [ -37.658156938589201, -9.327740952699999 ], [ -37.658168794648702, -9.32780813703739 ], [ -37.658239931005902, -9.327818017087001 ], [ -37.658264631130002, -9.327756760779391 ] ] ] ] } },
{ "type": "Feature", "properties": { "id": null, "Name": null, "description": null, "timestamp": null, "begin": null, "end": null, "altitudeMode": null, "tessellate": -1, "extrude": 0, "visibility": -1, "drawOrder": null, "icon": null }, "geometry": { "type": "MultiPolygon", "coordinates": [ [ [ [ -37.658383191725399, -9.327522603603491 ], [ -37.658383191725399, -9.327428743132151 ], [ -37.658308103348297, -9.327415899067651 ], [ -37.658272535169701, -9.327509759538991 ], [ -37.658383191725399, -9.327522603603491 ] ] ] ] } },
{ "type": "Feature", "properties": { "id": null, "Name": null, "description": null, "timestamp": null, "begin": null, "end": null, "altitudeMode": null, "tessellate": -1, "extrude": 0, "visibility": -1, "drawOrder": null, "icon": null }, "geometry": { "type": "MultiPolygon", "coordinates": [ [ [ [ -37.634591044245802, -9.34261240338158 ], [ -37.634514967863801, -9.342595607297239 ], [ -37.6344902677397, -9.34263907951555 ], [ -37.6345228719034, -9.342717131907509 ], [ -37.634591044245802, -9.34261240338158 ] ] ] ] } },
{ "type": "Feature", "properties": { "id": null, "Name": null, "description": null, "timestamp": null, "begin": null, "end": null, "altitudeMode": null, "tessellate": -1, "extrude": 0, "visibility": -1, "drawOrder": null, "icon": null }, "geometry": { "type": "MultiPolygon", "coordinates": [ [ [ [ -37.634683916712198, -9.34288212873609 ], [ -37.6346256244194, -9.34298586925706 ], [ -37.634725412920602, -9.342993773296749 ], [ -37.634754065064399, -9.342943385043711 ], [ -37.634683916712198, -9.34288212873609 ] ] ] ] } },
{ "type": "Feature", "properties": { "id": null, "Name": null, "description": null, "timestamp": null, "begin": null, "end": null, "altitudeMode": null, "tessellate": -1, "extrude": 0, "visibility": -1, "drawOrder": null, "icon": null }, "geometry": { "type": "MultiPolygon", "coordinates": [ [ [ [ -37.620164195797003, -9.371394469919601 ], [ -37.620091083429799, -9.371458690242109 ], [ -37.6201409776804, -9.371491788408321 ], [ -37.620184943901201, -9.371453750217301 ], [ -37.620164195797003, -9.371394469919601 ] ] ] ] } },
{ "type": "Feature", "properties": { "id": null, "Name": null, "description": null, "timestamp": null, "begin": null, "end": null, "altitudeMode": null, "tessellate": -1, "extrude": 0, "visibility": -1, "drawOrder": null, "icon": null }, "geometry": { "type": "MultiPolygon", "coordinates": [ [ [ [ -37.620008091013098, -9.371234907118311 ], [ -37.619883602387901, -9.37112227455269 ], [ -37.619857914258901, -9.37114598667177 ], [ -37.619934978645901, -9.371298139435851 ], [ -37.620008091013098, -9.371234907118311 ] ] ] ] } },
{ "type": "Feature", "properties": { "id": null, "Name": null, "description": null, "timestamp": null, "begin": null, "end": null, "altitudeMode": null, "tessellate": -1, "extrude": 0, "visibility": -1, "drawOrder": null, "icon": null }, "geometry": { "type": "MultiPolygon", "coordinates": [ [ [ [ -37.618912393510598, -9.373733571666129 ], [ -37.618706888478599, -9.37370985954705 ], [ -37.618699972443899, -9.37374147570582 ], [ -37.618889669396502, -9.373842252211899 ], [ -37.618912393510598, -9.373733571666129 ] ] ] ] } },
{ "type": "Feature", "properties": { "id": null, "Name": null, "description": null, "timestamp": null, "begin": null, "end": null, "altitudeMode": null, "tessellate": -1, "extrude": 0, "visibility": -1, "drawOrder": null, "icon": null }, "geometry": { "type": "MultiPolygon", "coordinates": [ [ [ [ -37.619059606249898, -9.374150015757429 ], [ -37.619157912743603, -9.37414260572022 ], [ -37.619165816783301, -9.374093699474621 ], [ -37.6190768963368, -9.374049239251351 ], [ -37.619059606249898, -9.374150015757429 ] ] ] ] } },
{ "type": "Feature", "properties": { "id": null, "Name": null, "description": null, "timestamp": null, "begin": null, "end": null, "altitudeMode": null, "tessellate": -1, "extrude": 0, "visibility": -1, "drawOrder": null, "icon": null }, "geometry": { "type": "MultiPolygon", "coordinates": [ [ [ [ -37.605622244770103, -9.4037007501556 ], [ -37.605738335353102, -9.403574779523 ], [ -37.605666210990897, -9.403452760910239 ], [ -37.605514552229302, -9.40352439126996 ], [ -37.605622244770103, -9.4037007501556 ] ] ] ] } },
{ "type": "Feature", "properties": { "id": null, "Name": null, "description": null, "timestamp": null, "begin": null, "end": null, "altitudeMode": null, "tessellate": -1, "extrude": 0, "visibility": -1, "drawOrder": null, "icon": null }, "geometry": { "type": "MultiPolygon", "coordinates": [ [ [ [ -37.618014791003198, -9.378882065520919 ], [ -37.617900182427597, -9.37883562928773 ], [ -37.617862638239103, -9.378897873600311 ], [ -37.617963414745098, -9.378996674096459 ], [ -37.618014791003198, -9.378882065520919 ] ] ] ] } },
{ "type": "Feature", "properties": { "id": null, "Name": null, "description": null, "timestamp": null, "begin": null, "end": null, "altitudeMode": null, "tessellate": -1, "extrude": 0, "visibility": -1, "drawOrder": null, "icon": null }, "geometry": { "type": "MultiPolygon", "coordinates": [ [ [ [ -37.618045419156999, -9.379254543391429 ], [ -37.618118531524097, -9.379282701532841 ], [ -37.618155087707699, -9.37923280728228 ], [ -37.618106181462103, -9.379171550974659 ], [ -37.618045419156999, -9.379254543391429 ] ] ] ] } },
{ "type": "Feature", "properties": { "id": null, "Name": null, "description": null, "timestamp": null, "begin": null, "end": null, "altitudeMode": null, "tessellate": -1, "extrude": 0, "visibility": -1, "drawOrder": null, "icon": null }, "geometry": { "type": "MultiPolygon", "coordinates": [ [ [ [ -37.6133790717235, -9.42505203137766 ], [ -37.613460582132802, -9.42494829085669 ], [ -37.613394632801601, -9.42488604654412 ], [ -37.613287187262102, -9.4249623699274 ], [ -37.6133790717235, -9.42505203137766 ] ] ] ] } },
{ "type": "Feature", "properties": { "id": null, "Name": null, "description": null, "timestamp": null, "begin": null, "end": null, "altitudeMode": null, "tessellate": -1, "extrude": 0, "visibility": -1, "drawOrder": null, "icon": null }, "geometry": { "type": "MultiPolygon", "coordinates": [ [ [ [ -37.614630627008601, -9.42604868138265 ], [ -37.614681756265298, -9.425952350898889 ], [ -37.614626921990002, -9.425911595694229 ], [ -37.614547634591801, -9.42598717807379 ], [ -37.614630627008601, -9.42604868138265 ] ] ] ] } },
{ "type": "Feature", "properties": { "id": null, "Name": null, "description": null, "timestamp": null, "begin": null, "end": null, "altitudeMode": null, "tessellate": -1, "extrude": 0, "visibility": -1, "drawOrder": null, "icon": null }, "geometry": { "type": "MultiPolygon", "coordinates": [ [ [ [ -37.617679857321299, -9.43298966323893 ], [ -37.617633915090501, -9.433112669856641 ], [ -37.617727281559397, -9.433139345990609 ], [ -37.617761367730601, -9.433041533499409 ], [ -37.617679857321299, -9.43298966323893 ] ] ] ] } },
{ "type": "Feature", "properties": { "id": null, "Name": null, "description": null, "timestamp": null, "begin": null, "end": null, "altitudeMode": null, "tessellate": -1, "extrude": 0, "visibility": -1, "drawOrder": null, "icon": null }, "geometry": { "type": "MultiPolygon", "coordinates": [ [ [ [ -37.617238219103399, -9.433409071345119 ], [ -37.6171537446792, -9.43338684123348 ], [ -37.6171055794373, -9.43350688383631 ], [ -37.617183384828103, -9.433560977107961 ], [ -37.617238219103399, -9.433409071345119 ] ] ] ] } },
{ "type": "Feature", "properties": { "id": null, "Name": null, "description": null, "timestamp": null, "begin": null, "end": null, "altitudeMode": null, "tessellate": -1, "extrude": 0, "visibility": -1, "drawOrder": null, "icon": null }, "geometry": { "type": "MultiPolygon", "coordinates": [ [ [ [ -37.613883695257798, -9.440959899263991 ], [ -37.613804407859597, -9.441082905881711 ], [ -37.613985212767602, -9.44111551004544 ], [ -37.614018557934997, -9.44105400673658 ], [ -37.613883695257798, -9.440959899263991 ] ] ] ] } },
{ "type": "Feature", "properties": { "id": null, "Name": null, "description": null, "timestamp": null, "begin": null, "end": null, "altitudeMode": null, "tessellate": -1, "extrude": 0, "visibility": -1, "drawOrder": null, "icon": null }, "geometry": { "type": "MultiPolygon", "coordinates": [ [ [ [ -37.586499161737898, -9.452019379802589 ], [ -37.586412464302498, -9.45202678983981 ], [ -37.5864554425183, -9.452192033669631 ], [ -37.586504348764002, -9.45219129266591 ], [ -37.586499161737898, -9.452019379802589 ] ] ] ] } },
{ "type": "Feature", "properties": { "id": null, "Name": null, "description": null, "timestamp": null, "begin": null, "end": null, "altitudeMode": null, "tessellate": -1, "extrude": 0, "visibility": -1, "drawOrder": null, "icon": null }, "geometry": { "type": "MultiPolygon", "coordinates": [ [ [ [ -37.584767436041503, -9.452159429505899 ], [ -37.584589595148401, -9.45217721359521 ], [ -37.584662213513099, -9.45239729170039 ], [ -37.584745205929899, -9.452394327685511 ], [ -37.584767436041503, -9.452159429505899 ] ] ] ] } },
{ "type": "Feature", "properties": { "id": null, "Name": null, "description": null, "timestamp": null, "begin": null, "end": null, "altitudeMode": null, "tessellate": -1, "extrude": 0, "visibility": -1, "drawOrder": null, "icon": null }, "geometry": { "type": "MultiPolygon", "coordinates": [ [ [ [ -37.572106646461499, -9.450273575035499 ], [ -37.5719873448624, -9.45032099927365 ], [ -37.572078488320102, -9.450475869051379 ], [ -37.572128876573103, -9.450458084962071 ], [ -37.572106646461499, -9.450273575035499 ] ] ] ] } },
{ "type": "Feature", "properties": { "id": null, "Name": null, "description": null, "timestamp": null, "begin": null, "end": null, "altitudeMode": null, "tessellate": -1, "extrude": 0, "visibility": -1, "drawOrder": null, "icon": null }, "geometry": { "type": "MultiPolygon", "coordinates": [ [ [ [ -37.483905055865598, -9.489479176251301 ], [ -37.483872945704398, -9.489424341975941 ], [ -37.483424885454298, -9.489683693278341 ], [ -37.483458477623003, -9.48974593759092 ], [ -37.483905055865598, -9.489479176251301 ] ] ] ] } },
{ "type": "Feature", "properties": { "id": null, "Name": null, "description": null, "timestamp": null, "begin": null, "end": null, "altitudeMode": null, "tessellate": -1, "extrude": 0, "visibility": -1, "drawOrder": null, "icon": null }, "geometry": { "type": "MultiPolygon", "coordinates": [ [ [ [ -37.467525909613201, -9.492944109651431 ], [ -37.467374250851599, -9.492976219812681 ], [ -37.4674374831691, -9.49308094833861 ], [ -37.467512571546202, -9.49306761027163 ], [ -37.467525909613201, -9.492944109651431 ] ] ] ] } },
{ "type": "Feature", "properties": { "id": null, "Name": null, "description": null, "timestamp": null, "begin": null, "end": null, "altitudeMode": null, "tessellate": -1, "extrude": 0, "visibility": -1, "drawOrder": null, "icon": null }, "geometry": { "type": "MultiPolygon", "coordinates": [ [ [ [ -37.467064511296201, -9.49281221098907 ], [ -37.4673213925862, -9.492760834731071 ], [ -37.4671672638122, -9.492522725535339 ], [ -37.467111935534298, -9.49253359358991 ], [ -37.467064511296201, -9.49281221098907 ] ] ] ] } },
{ "type": "Feature", "properties": { "id": null, "Name": null, "description": null, "timestamp": null, "begin": null, "end": null, "altitudeMode": null, "tessellate": -1, "extrude": 0, "visibility": -1, "drawOrder": null, "icon": null }, "geometry": { "type": "MultiPolygon", "coordinates": [ [ [ [ -37.462234649041598, -9.49335116769559 ], [ -37.462003455880598, -9.49333091359388 ], [ -37.462061748173298, -9.49345737822896 ], [ -37.4621615366745, -9.4934667642761 ], [ -37.462234649041598, -9.49335116769559 ] ] ] ] } },
{ "type": "Feature", "properties": { "id": null, "Name": null, "description": null, "timestamp": null, "begin": null, "end": null, "altitudeMode": null, "tessellate": -1, "extrude": 0, "visibility": -1, "drawOrder": null, "icon": null }, "geometry": { "type": "MultiPolygon", "coordinates": [ [ [ [ -37.462048904108897, -9.493106142465139 ], [ -37.462010371915397, -9.492945097656399 ], [ -37.461935283538303, -9.49293126558694 ], [ -37.461897739349702, -9.492900637433131 ], [ -37.461855255136399, -9.493066622266671 ], [ -37.462048904108897, -9.493106142465139 ] ] ] ] } },
{ "type": "Feature", "properties": { "id": null, "Name": null, "description": null, "timestamp": null, "begin": null, "end": null, "altitudeMode": null, "tessellate": -1, "extrude": 0, "visibility": -1, "drawOrder": null, "icon": null }, "geometry": { "type": "MultiPolygon", "coordinates": [ [ [ [ -37.721982964773503, -9.318219219555219 ], [ -37.721805123880401, -9.318253799728881 ], [ -37.7218318000144, -9.318419784562421 ], [ -37.7220106289124, -9.31838619239373 ], [ -37.721982964773503, -9.318219219555219 ] ] ] ] } },
{ "type": "Feature", "properties": { "id": null, "Name": null, "description": null, "timestamp": null, "begin": null, "end": null, "altitudeMode": null, "tessellate": -1, "extrude": 0, "visibility": -1, "drawOrder": null, "icon": null }, "geometry": { "type": "MultiPolygon", "coordinates": [ [ [ [ -37.721577882739297, -9.318292331922381 ], [ -37.721397077831298, -9.3183199960613 ], [ -37.7214207899504, -9.318493884934529 ], [ -37.721599618848401, -9.318464244785689 ], [ -37.721577882739297, -9.318292331922381 ] ] ] ] } },
{ "type": "Feature", "properties": { "id": null, "Name": null, "description": null, "timestamp": null, "begin": null, "end": null, "altitudeMode": null, "tessellate": -1, "extrude": 0, "visibility": -1, "drawOrder": null, "icon": null }, "geometry": { "type": "MultiPolygon", "coordinates": [ [ [ [ -37.7190624221072, -9.318250177044019 ], [ -37.718862186434997, -9.318204070145811 ], [ -37.718889191903898, -9.31831340936156 ], [ -37.719010387179203, -9.31834041483051 ], [ -37.7190624221072, -9.318250177044019 ] ] ] ] } },
{ "type": "Feature", "properties": { "id": null, "Name": null, "description": null, "timestamp": null, "begin": null, "end": null, "altitudeMode": null, "tessellate": -1, "extrude": 0, "visibility": -1, "drawOrder": null, "icon": null }, "geometry": { "type": "MultiPolygon", "coordinates": [ [ [ [ -37.718947154861603, -9.317971559644869 ], [ -37.718941226831902, -9.317859585749231 ], [ -37.7188055408172, -9.317831262940331 ], [ -37.718750871209302, -9.317934015456331 ], [ -37.718947154861603, -9.317971559644869 ] ] ] ] } },
{ "type": "Feature", "properties": { "id": null, "Name": null, "description": null, "timestamp": null, "begin": null, "end": null, "altitudeMode": null, "tessellate": -1, "extrude": 0, "visibility": -1, "drawOrder": null, "icon": null }, "geometry": { "type": "MultiPolygon", "coordinates": [ [ [ [ -37.715024116494398, -9.31740707947684 ], [ -37.714921363978398, -9.31738600203766 ], [ -37.714922681318299, -9.317451210365119 ], [ -37.714998428365398, -9.317468335784451 ], [ -37.715024116494398, -9.31740707947684 ] ] ] ] } },
{ "type": "Feature", "properties": { "id": null, "Name": null, "description": null, "timestamp": null, "begin": null, "end": null, "altitudeMode": null, "tessellate": -1, "extrude": 0, "visibility": -1, "drawOrder": null, "icon": null }, "geometry": { "type": "MultiPolygon", "coordinates": [ [ [ [ -37.715068906052601, -9.317176874320809 ], [ -37.715071540732502, -9.317111665993339 ], [ -37.715015553784703, -9.31709849259386 ], [ -37.714987889645798, -9.317159748901471 ], [ -37.715068906052601, -9.317176874320809 ] ] ] ] } },
{ "type": "Feature", "properties": { "id": null, "Name": null, "description": null, "timestamp": null, "begin": null, "end": null, "altitudeMode": null, "tessellate": -1, "extrude": 0, "visibility": -1, "drawOrder": null, "icon": null }, "geometry": { "type": "MultiPolygon", "coordinates": [ [ [ [ -37.605977789332499, -9.40965831029763 ], [ -37.605884697309399, -9.4096951958162 ], [ -37.605883819082798, -9.409781262026179 ], [ -37.605981302239002, -9.40982517335781 ], [ -37.605977789332499, -9.40965831029763 ] ] ] ] } },
{ "type": "Feature", "properties": { "id": null, "Name": null, "description": null, "timestamp": null, "begin": null, "end": null, "altitudeMode": null, "tessellate": -1, "extrude": 0, "visibility": -1, "drawOrder": null, "icon": null }, "geometry": { "type": "MultiPolygon", "coordinates": [ [ [ [ -37.6063914340764, -9.41504798714117 ], [ -37.606398459889498, -9.415208702614921 ], [ -37.606551271323497, -9.415132296897889 ], [ -37.606547758417001, -9.415067308127091 ], [ -37.6063914340764, -9.41504798714117 ] ] ] ] } },
{ "type": "Feature", "properties": { "id": null, "Name": null, "description": null, "timestamp": null, "begin": null, "end": null, "altitudeMode": null, "tessellate": -1, "extrude": 0, "visibility": -1, "drawOrder": null, "icon": null }, "geometry": { "type": "MultiPolygon", "coordinates": [ [ [ [ -37.606497699498902, -9.41601579289016 ], [ -37.606662806105803, -9.415929726680179 ], [ -37.606650510933001, -9.41585771209632 ], [ -37.606464326886901, -9.41583136529734 ], [ -37.606497699498902, -9.41601579289016 ] ] ] ] } },
{ "type": "Feature", "properties": { "id": null, "Name": null, "description": null, "timestamp": null, "begin": null, "end": null, "altitudeMode": null, "tessellate": -1, "extrude": 0, "visibility": -1, "drawOrder": null, "icon": null }, "geometry": { "type": "MultiPolygon", "coordinates": [ [ [ [ -37.606130600766598, -9.41466420210277 ], [ -37.606055951502803, -9.41469581826154 ], [ -37.606055951502803, -9.41477661511173 ], [ -37.606131478993198, -9.41481174417703 ], [ -37.606130600766598, -9.41466420210277 ] ] ] ] } },
{ "type": "Feature", "properties": { "id": null, "Name": null, "description": null, "timestamp": null, "begin": null, "end": null, "altitudeMode": null, "tessellate": -1, "extrude": 0, "visibility": -1, "drawOrder": null, "icon": null }, "geometry": { "type": "MultiPolygon", "coordinates": [ [ [ [ -37.6062878033338, -9.41618616885687 ], [ -37.606207006483601, -9.41624501004125 ], [ -37.606223692789598, -9.416335467384391 ], [ -37.606327323532199, -9.41636620531653 ], [ -37.6062878033338, -9.41618616885687 ] ] ] ] } },
{ "type": "Feature", "properties": { "id": null, "Name": null, "description": null, "timestamp": null, "begin": null, "end": null, "altitudeMode": null, "tessellate": -1, "extrude": 0, "visibility": -1, "drawOrder": null, "icon": null }, "geometry": { "type": "MultiPolygon", "coordinates": [ [ [ [ -37.617065400567597, -9.4278130112443 ], [ -37.6171101901258, -9.427719040994621 ], [ -37.617081208647001, -9.42769884178208 ], [ -37.617002168250004, -9.42776909991268 ], [ -37.617065400567597, -9.4278130112443 ] ] ] ] } },
{ "type": "Feature", "properties": { "id": null, "Name": null, "description": null, "timestamp": null, "begin": null, "end": null, "altitudeMode": null, "tessellate": -1, "extrude": 0, "visibility": -1, "drawOrder": null, "icon": null }, "geometry": { "type": "MultiPolygon", "coordinates": [ [ [ [ -37.589624623951302, -9.451767520871901 ], [ -37.589516016590999, -9.451791232990979 ], [ -37.589532117412602, -9.4518594419261 ], [ -37.5896418957417, -9.451834558838179 ], [ -37.589624623951302, -9.451767520871901 ] ] ] ] } },
{ "type": "Feature", "properties": { "id": null, "Name": null, "description": null, "timestamp": null, "begin": null, "end": null, "altitudeMode": null, "tessellate": -1, "extrude": 0, "visibility": -1, "drawOrder": null, "icon": null }, "geometry": { "type": "MultiPolygon", "coordinates": [ [ [ [ -37.478639172382898, -9.491941119948811 ], [ -37.478622339705701, -9.491911113872201 ], [ -37.478605653399697, -9.49192106710737 ], [ -37.478623071561302, -9.491951805039511 ], [ -37.478639172382898, -9.491941119948811 ] ] ] ] } },
{ "type": "Feature", "properties": { "id": null, "Name": null, "description": null, "timestamp": null, "begin": null, "end": null, "altitudeMode": null, "tessellate": -1, "extrude": 0, "visibility": -1, "drawOrder": null, "icon": null }, "geometry": { "type": "MultiPolygon", "coordinates": [ [ [ [ -37.478657322399897, -9.491970540541001 ], [ -37.478640196980599, -9.49198049377617 ], [ -37.478656590544396, -9.4920058159774 ], [ -37.478672984108201, -9.49199557 ], [ -37.478657322399897, -9.491970540541001 ] ] ] ] } },
{ "type": "Feature", "properties": { "id": null, "Name": null, "description": null, "timestamp": null, "begin": null, "end": null, "altitudeMode": null, "tessellate": -1, "extrude": 0, "visibility": -1, "drawOrder": null, "icon": null }, "geometry": { "type": "MultiPolygon", "coordinates": [ [ [ [ -37.482608756761799, -9.489670611361589 ], [ -37.482602023690902, -9.489648070211359 ], [ -37.4825784579429, -9.48965538876663 ], [ -37.482586361982598, -9.489678661772389 ], [ -37.482608756761799, -9.489670611361589 ] ] ] ] } },
{ "type": "Feature", "properties": { "id": null, "Name": null, "description": null, "timestamp": null, "begin": null, "end": null, "altitudeMode": null, "tessellate": -1, "extrude": 0, "visibility": -1, "drawOrder": null, "icon": null }, "geometry": { "type": "MultiPolygon", "coordinates": [ [ [ [ -37.482627931376598, -9.48969271339851 ], [ -37.482604951112997, -9.489703691231419 ], [ -37.482616221688097, -9.489728867061549 ], [ -37.4826403729205, -9.489717450115331 ], [ -37.482627931376598, -9.48969271339851 ] ] ] ] } },
{ "type": "Feature", "properties": { "id": null, "Name": null, "description": null, "timestamp": null, "begin": null, "end": null, "altitudeMode": null, "tessellate": -1, "extrude": 0, "visibility": -1, "drawOrder": null, "icon": null }, "geometry": { "type": "MultiPolygon", "coordinates": [ [ [ [ -37.4822079926751, -9.48986250388079 ], [ -37.482194526533398, -9.489837620792869 ], [ -37.482173156351998, -9.48984903773909 ], [ -37.4821877934626, -9.489874506311439 ], [ -37.4822079926751, -9.48986250388079 ] ] ] ] } },
{ "type": "Feature", "properties": { "id": null, "Name": null, "description": null, "timestamp": null, "begin": null, "end": null, "altitudeMode": null, "tessellate": -1, "extrude": 0, "visibility": -1, "drawOrder": null, "icon": null }, "geometry": { "type": "MultiPolygon", "coordinates": [ [ [ [ -37.482244878193697, -9.48992456522949 ], [ -37.4822290701143, -9.489897047461669 ], [ -37.482204479768598, -9.48991051360337 ], [ -37.482220580590202, -9.489939787824451 ], [ -37.482244878193697, -9.48992456522949 ] ] ] ] } },
{ "type": "Feature", "properties": { "id": null, "Name": null, "description": null, "timestamp": null, "begin": null, "end": null, "altitudeMode": null, "tessellate": -1, "extrude": 0, "visibility": -1, "drawOrder": null, "icon": null }, "geometry": { "type": "MultiPolygon", "coordinates": [ [ [ [ -37.481409391923997, -9.490297811548301 ], [ -37.481389339082497, -9.490309521236741 ], [ -37.4814029515953, -9.490333086984711 ], [ -37.481423004436799, -9.49032108455406 ], [ -37.481409391923997, -9.490297811548301 ] ] ] ] } },
{ "type": "Feature", "properties": { "id": null, "Name": null, "description": null, "timestamp": null, "begin": null, "end": null, "altitudeMode": null, "tessellate": -1, "extrude": 0, "visibility": -1, "drawOrder": null, "icon": null }, "geometry": { "type": "MultiPolygon", "coordinates": [ [ [ [ -37.481456962533201, -9.490377144687439 ], [ -37.481443057278199, -9.49035211522841 ], [ -37.481423443550099, -9.49036250757689 ], [ -37.481437495176202, -9.49038856163366 ], [ -37.481456962533201, -9.490377144687439 ] ] ] ] } },
{ "type": "Feature", "properties": { "id": null, "Name": null, "description": null, "timestamp": null, "begin": null, "end": null, "altitudeMode": null, "tessellate": -1, "extrude": 0, "visibility": -1, "drawOrder": null, "icon": null }, "geometry": { "type": "MultiPolygon", "coordinates": [ [ [ [ -37.480086782615402, -9.491087337290921 ], [ -37.480071852762698, -9.49106040500752 ], [ -37.480048579756897, -9.49107270018037 ], [ -37.480064680578501, -9.4911005106904 ], [ -37.480086782615402, -9.491087337290921 ] ] ] ] } },
{ "type": "Feature", "properties": { "id": null, "Name": null, "description": null, "timestamp": null, "begin": null, "end": null, "altitudeMode": null, "tessellate": -1, "extrude": 0, "visibility": -1, "drawOrder": null, "icon": null }, "geometry": { "type": "MultiPolygon", "coordinates": [ [ [ [ -37.480121179825197, -9.49114500750645 ], [ -37.480106542714701, -9.491119685305209 ], [ -37.480085904388801, -9.491132273220281 ], [ -37.480100395128197, -9.49115818090594 ], [ -37.480121179825197, -9.49114500750645 ] ] ] ] } },
{ "type": "Feature", "properties": { "id": null, "Name": null, "description": null, "timestamp": null, "begin": null, "end": null, "altitudeMode": null, "tessellate": -1, "extrude": 0, "visibility": -1, "drawOrder": null, "icon": null }, "geometry": { "type": "MultiPolygon", "coordinates": [ [ [ [ -37.476474929218199, -9.493211035659399 ], [ -37.476460584849903, -9.493184688860421 ], [ -37.476438921926302, -9.49319727677549 ], [ -37.476454730005599, -9.49322362357446 ], [ -37.476474929218199, -9.493211035659399 ] ] ] ] } },
{ "type": "Feature", "properties": { "id": null, "Name": null, "description": null, "timestamp": null, "begin": null, "end": null, "altitudeMode": null, "tessellate": -1, "extrude": 0, "visibility": -1, "drawOrder": null, "icon": null }, "geometry": { "type": "MultiPolygon", "coordinates": [ [ [ [ -37.476511082881203, -9.4932690718027 ], [ -37.476494542946298, -9.493242432261511 ], [ -37.476475441517103, -9.493255605661 ], [ -37.476492493750797, -9.493282245202179 ], [ -37.476511082881203, -9.4932690718027 ] ] ] ] } },
{ "type": "Feature", "properties": { "id": null, "Name": null, "description": null, "timestamp": null, "begin": null, "end": null, "altitudeMode": null, "tessellate": -1, "extrude": 0, "visibility": -1, "drawOrder": null, "icon": null }, "geometry": { "type": "MultiPolygon", "coordinates": [ [ [ [ -37.489530573152003, -9.48635193928814 ], [ -37.489522376370097, -9.486319152160521 ], [ -37.489499542477702, -9.486326177973581 ], [ -37.4895065682907, -9.486358672358991 ], [ -37.489530573152003, -9.48635193928814 ] ] ] ] } },
{ "type": "Feature", "properties": { "id": null, "Name": null, "description": null, "timestamp": null, "begin": null, "end": null, "altitudeMode": null, "tessellate": -1, "extrude": 0, "visibility": -1, "drawOrder": null, "icon": null }, "geometry": { "type": "MultiPolygon", "coordinates": [ [ [ [ -37.489669040217699, -9.48631739570726 ], [ -37.489662014404701, -9.486288121486171 ], [ -37.489636253090097, -9.486295147299231 ], [ -37.489643278903202, -9.48632412877811 ], [ -37.489669040217699, -9.48631739570726 ] ] ] ] } },
{ "type": "Feature", "properties": { "id": null, "Name": null, "description": null, "timestamp": null, "begin": null, "end": null, "altitudeMode": null, "tessellate": -1, "extrude": 0, "visibility": -1, "drawOrder": null, "icon": null }, "geometry": { "type": "MultiPolygon", "coordinates": [ [ [ [ -37.489685433781503, -9.48638033528259 ], [ -37.489678115226297, -9.486351646545931 ], [ -37.489653817622802, -9.486359257843411 ], [ -37.489662014404701, -9.48638794658007 ], [ -37.489685433781503, -9.48638033528259 ] ] ] ] } },
{ "type": "Feature", "properties": { "id": null, "Name": null, "description": null, "timestamp": null, "begin": null, "end": null, "altitudeMode": null, "tessellate": -1, "extrude": 0, "visibility": -1, "drawOrder": null, "icon": null }, "geometry": { "type": "MultiPolygon", "coordinates": [ [ [ [ -37.489540819129402, -9.486388239322279 ], [ -37.489514765072599, -9.486394679650919 ], [ -37.489522961854497, -9.486425124840849 ], [ -37.4895484304269, -9.486416928058951 ], [ -37.489540819129402, -9.486388239322279 ] ] ] ] } },
{ "type": "Feature", "properties": { "id": null, "Name": null, "description": null, "timestamp": null, "begin": null, "end": null, "altitudeMode": null, "tessellate": -1, "extrude": 0, "visibility": -1, "drawOrder": null, "icon": null }, "geometry": { "type": "MultiPolygon", "coordinates": [ [ [ [ -37.497951083290403, -9.48419735661631 ], [ -37.497949619579302, -9.484168375137431 ], [ -37.497924736491399, -9.4841701315907 ], [ -37.4979267856869, -9.48419911306957 ], [ -37.497951083290403, -9.48419735661631 ] ] ] ] } },
{ "type": "Feature", "properties": { "id": null, "Name": null, "description": null, "timestamp": null, "begin": null, "end": null, "altitudeMode": null, "tessellate": -1, "extrude": 0, "visibility": -1, "drawOrder": null, "icon": null }, "geometry": { "type": "MultiPolygon", "coordinates": [ [ [ [ -37.497961036525602, -9.484222239704231 ], [ -37.4979373244065, -9.484224874384131 ], [ -37.497942593766297, -9.484254441347421 ], [ -37.497966305885299, -9.484251221183101 ], [ -37.497961036525602, -9.484222239704231 ] ] ] ] } },
{ "type": "Feature", "properties": { "id": null, "Name": null, "description": null, "timestamp": null, "begin": null, "end": null, "altitudeMode": null, "tessellate": -1, "extrude": 0, "visibility": -1, "drawOrder": null, "icon": null }, "geometry": { "type": "MultiPolygon", "coordinates": [ [ [ [ -37.494773366591602, -9.48498951703886 ], [ -37.494766340778597, -9.484961413786611 ], [ -37.494743799628303, -9.48496814685746 ], [ -37.4947505326992, -9.48499683559413 ], [ -37.494773366591602, -9.48498951703886 ] ] ] ] } },
{ "type": "Feature", "properties": { "id": null, "Name": null, "description": null, "timestamp": null, "begin": null, "end": null, "altitudeMode": null, "tessellate": -1, "extrude": 0, "visibility": -1, "drawOrder": null, "icon": null }, "geometry": { "type": "MultiPolygon", "coordinates": [ [ [ [ -37.494784783537902, -9.48503284288606 ], [ -37.494762827872002, -9.485039575956909 ], [ -37.494769560942899, -9.48506592275589 ], [ -37.494792102093101, -9.48506006791167 ], [ -37.494784783537902, -9.48503284288606 ] ] ] ] } },
{ "type": "Feature", "properties": { "id": null, "Name": null, "description": null, "timestamp": null, "begin": null, "end": null, "altitudeMode": null, "tessellate": -1, "extrude": 0, "visibility": -1, "drawOrder": null, "icon": null }, "geometry": { "type": "MultiPolygon", "coordinates": [ [ [ [ -37.494058197370499, -9.485167797045261 ], [ -37.494050293330801, -9.48513500991765 ], [ -37.494023653789696, -9.48514291395734 ], [ -37.494030679602702, -9.485175701084961 ], [ -37.494058197370499, -9.485167797045261 ] ] ] ] } },
{ "type": "Feature", "properties": { "id": null, "Name": null, "description": null, "timestamp": null, "begin": null, "end": null, "altitudeMode": null, "tessellate": -1, "extrude": 0, "visibility": -1, "drawOrder": null, "icon": null }, "geometry": { "type": "MultiPolygon", "coordinates": [ [ [ [ -37.494070492543401, -9.485207902728151 ], [ -37.494042389291202, -9.485214635799 ], [ -37.494050000588601, -9.485249764864299 ], [ -37.494077518356399, -9.48524244630903 ], [ -37.494070492543401, -9.485207902728151 ] ] ] ] } },
{ "type": "Feature", "properties": { "id": null, "Name": null, "description": null, "timestamp": null, "begin": null, "end": null, "altitudeMode": null, "tessellate": -1, "extrude": 0, "visibility": -1, "drawOrder": null, "icon": null }, "geometry": { "type": "MultiPolygon", "coordinates": [ [ [ [ -37.472663425633002, -9.49628058411124 ], [ -37.472704995026902, -9.496137140427919 ], [ -37.472649374006899, -9.49610259684704 ], [ -37.472534619060198, -9.49619334693241 ], [ -37.472663425633002, -9.49628058411124 ] ] ] ] } },
{ "type": "Feature", "properties": { "id": null, "Name": null, "description": null, "timestamp": null, "begin": null, "end": null, "altitudeMode": null, "tessellate": -1, "extrude": 0, "visibility": -1, "drawOrder": null, "icon": null }, "geometry": { "type": "MultiPolygon", "coordinates": [ [ [ [ -37.472406397971902, -9.496388313244831 ], [ -37.472316818855298, -9.496316884145379 ], [ -37.472278176883499, -9.49638655679157 ], [ -37.4723314559659, -9.49642988263877 ], [ -37.472406397971902, -9.496388313244831 ] ] ] ] } },
{ "type": "Feature", "properties": { "id": null, "Name": null, "description": null, "timestamp": null, "begin": null, "end": null, "altitudeMode": null, "tessellate": -1, "extrude": 0, "visibility": -1, "drawOrder": null, "icon": null }, "geometry": { "type": "MultiPolygon", "coordinates": [ [ [ [ -37.606374894148502, -9.390104008834729 ], [ -37.6063204440972, -9.390178218985181 ], [ -37.6064025582874, -9.3902111524839 ], [ -37.606430661539598, -9.39017251051207 ], [ -37.606374894148502, -9.390104008834729 ] ] ] ] } },
{ "type": "Feature", "properties": { "id": null, "Name": null, "description": null, "timestamp": null, "begin": null, "end": null, "altitudeMode": null, "tessellate": -1, "extrude": 0, "visibility": -1, "drawOrder": null, "icon": null }, "geometry": { "type": "MultiPolygon", "coordinates": [ [ [ [ -37.6062699460659, -9.38985810537762 ], [ -37.606201883501797, -9.389822537199001 ], [ -37.606170267343103, -9.38985810537762 ], [ -37.606212422221397, -9.38992836350822 ], [ -37.6062699460659, -9.38985810537762 ] ] ] ] } },
{ "type": "Feature", "properties": { "id": null, "Name": null, "description": null, "timestamp": null, "begin": null, "end": null, "altitudeMode": null, "tessellate": -1, "extrude": 0, "visibility": -1, "drawOrder": null, "icon": null }, "geometry": { "type": "MultiPolygon", "coordinates": [ [ [ [ -37.634568603733001, -9.357492380175239 ], [ -37.6345246924013, -9.357485354362179 ], [ -37.634509323435303, -9.35752048342748 ], [ -37.634551478313597, -9.35754068264003 ], [ -37.634568603733001, -9.357492380175239 ] ] ] ] } },
{ "type": "Feature", "properties": { "id": null, "Name": null, "description": null, "timestamp": null, "begin": null, "end": null, "altitudeMode": null, "tessellate": -1, "extrude": 0, "visibility": -1, "drawOrder": null, "icon": null }, "geometry": { "type": "MultiPolygon", "coordinates": [ [ [ [ -37.634526448854601, -9.35743485633081 ], [ -37.634476389936502, -9.35743046519765 ], [ -37.634458825403897, -9.35747305918933 ], [ -37.634502297622198, -9.357490184608659 ], [ -37.634526448854601, -9.35743485633081 ] ] ] ] } },
{ "type": "Feature", "properties": { "id": null, "Name": null, "description": null, "timestamp": null, "begin": null, "end": null, "altitudeMode": null, "tessellate": -1, "extrude": 0, "visibility": -1, "drawOrder": null, "icon": null }, "geometry": { "type": "MultiPolygon", "coordinates": [ [ [ [ -37.634475072596601, -9.35726096745757 ], [ -37.634436869738103, -9.35724647671813 ], [ -37.634420622545399, -9.35729346184297 ], [ -37.634457947177197, -9.357308830809041 ], [ -37.634475072596601, -9.35726096745757 ] ] ] ] } },
{ "type": "Feature", "properties": { "id": null, "Name": null, "description": null, "timestamp": null, "begin": null, "end": null, "altitudeMode": null, "tessellate": -1, "extrude": 0, "visibility": -1, "drawOrder": null, "icon": null }, "geometry": { "type": "MultiPolygon", "coordinates": [ [ [ [ -37.632821371847498, -9.36017009317786 ], [ -37.632791512141999, -9.36015340687184 ], [ -37.632777460515896, -9.36017843633087 ], [ -37.632807759334703, -9.360195561750199 ], [ -37.632821371847498, -9.36017009317786 ] ] ] ] } },
{ "type": "Feature", "properties": { "id": null, "Name": null, "description": null, "timestamp": null, "begin": null, "end": null, "altitudeMode": null, "tessellate": -1, "extrude": 0, "visibility": -1, "drawOrder": null, "icon": null }, "geometry": { "type": "MultiPolygon", "coordinates": [ [ [ [ -37.632882847711798, -9.36020478312984 ], [ -37.632851231552998, -9.36018721859719 ], [ -37.632836740813602, -9.36021488273612 ], [ -37.632865722292401, -9.360232886382081 ], [ -37.632882847711798, -9.36020478312984 ] ] ] ] } },
{ "type": "Feature", "properties": { "id": null, "Name": null, "description": null, "timestamp": null, "begin": null, "end": null, "altitudeMode": null, "tessellate": -1, "extrude": 0, "visibility": -1, "drawOrder": null, "icon": null }, "geometry": { "type": "MultiPolygon", "coordinates": [ [ [ [ -37.632664608393597, -9.36059954600117 ], [ -37.632638700707901, -9.36058505526173 ], [ -37.632625088195098, -9.36061228028734 ], [ -37.632652313220703, -9.36062677102678 ], [ -37.632664608393597, -9.36059954600117 ] ] ] ] } },
{ "type": "Feature", "properties": { "id": null, "Name": null, "description": null, "timestamp": null, "begin": null, "end": null, "altitudeMode": null, "tessellate": -1, "extrude": 0, "visibility": -1, "drawOrder": null, "icon": null }, "geometry": { "type": "MultiPolygon", "coordinates": [ [ [ [ -37.632607962775801, -9.3605679298424 ], [ -37.632578981296902, -9.36055036530975 ], [ -37.632561855877597, -9.36058022501525 ], [ -37.632593911149698, -9.360595593981319 ], [ -37.632607962775801, -9.3605679298424 ] ] ] ] } },
{ "type": "Feature", "properties": { "id": null, "Name": null, "description": null, "timestamp": null, "begin": null, "end": null, "altitudeMode": null, "tessellate": -1, "extrude": 0, "visibility": -1, "drawOrder": null, "icon": null }, "geometry": { "type": "MultiPolygon", "coordinates": [ [ [ [ -37.631486247809399, -9.362643838045059 ], [ -37.631450240517403, -9.36262363883252 ], [ -37.631434871551399, -9.362652181198071 ], [ -37.631471976626599, -9.36267238041062 ], [ -37.631486247809399, -9.362643838045059 ] ] ] ] } },
{ "type": "Feature", "properties": { "id": null, "Name": null, "description": null, "timestamp": null, "begin": null, "end": null, "altitudeMode": null, "tessellate": -1, "extrude": 0, "visibility": -1, "drawOrder": null, "icon": null }, "geometry": { "type": "MultiPolygon", "coordinates": [ [ [ [ -37.631513911948304, -9.362657889671191 ], [ -37.631499860322201, -9.36268599292343 ], [ -37.631534550274203, -9.362705313909339 ], [ -37.631548821456903, -9.36267677154378 ], [ -37.631513911948304, -9.362657889671191 ] ] ] ] } },
{ "type": "Feature", "properties": { "id": null, "Name": null, "description": null, "timestamp": null, "begin": null, "end": null, "altitudeMode": null, "tessellate": -1, "extrude": 0, "visibility": -1, "drawOrder": null, "icon": null }, "geometry": { "type": "MultiPolygon", "coordinates": [ [ [ [ -37.6307092367962, -9.364079519032609 ], [ -37.630676303297498, -9.364056026470189 ], [ -37.630659397434897, -9.36408369060911 ], [ -37.6306949656135, -9.364106304944899 ], [ -37.6307092367962, -9.364079519032609 ] ] ] ] } },
{ "type": "Feature", "properties": { "id": null, "Name": null, "description": null, "timestamp": null, "begin": null, "end": null, "altitudeMode": null, "tessellate": -1, "extrude": 0, "visibility": -1, "drawOrder": null, "icon": null }, "geometry": { "type": "MultiPolygon", "coordinates": [ [ [ [ -37.630741072511697, -9.36409379021539 ], [ -37.630725923102297, -9.36412145435431 ], [ -37.630758197931002, -9.36413967755694 ], [ -37.6307720300005, -9.364111574304699 ], [ -37.630741072511697, -9.36409379021539 ] ] ] ] } },
{ "type": "Feature", "properties": { "id": null, "Name": null, "description": null, "timestamp": null, "begin": null, "end": null, "altitudeMode": null, "tessellate": -1, "extrude": 0, "visibility": -1, "drawOrder": null, "icon": null }, "geometry": { "type": "MultiPolygon", "coordinates": [ [ [ [ -37.628307945626197, -9.36633897660148 ], [ -37.628287307300397, -9.36630604310276 ], [ -37.628255252028303, -9.366327559655261 ], [ -37.628277646807398, -9.366359175814029 ], [ -37.628307945626197, -9.36633897660148 ] ] ] ] } },
{ "type": "Feature", "properties": { "id": null, "Name": null, "description": null, "timestamp": null, "begin": null, "end": null, "altitudeMode": null, "tessellate": -1, "extrude": 0, "visibility": -1, "drawOrder": null, "icon": null }, "geometry": { "type": "MultiPolygon", "coordinates": [ [ [ [ -37.628345270258102, -9.36639474399265 ], [ -37.628324631932202, -9.36636049315398 ], [ -37.628300041586499, -9.36638069236653 ], [ -37.628321558139, -9.3664123085253 ], [ -37.628345270258102, -9.36639474399265 ] ] ] ] } },
{ "type": "Feature", "properties": { "id": null, "Name": null, "description": null, "timestamp": null, "begin": null, "end": null, "altitudeMode": null, "tessellate": -1, "extrude": 0, "visibility": -1, "drawOrder": null, "icon": null }, "geometry": { "type": "MultiPolygon", "coordinates": [ [ [ [ -37.628011983251099, -9.36657697601891 ], [ -37.6279922231518, -9.366549311879981 ], [ -37.627964119899602, -9.36656731552595 ], [ -37.627985636452102, -9.366597175231449 ], [ -37.628011983251099, -9.36657697601891 ] ] ] ] } },
{ "type": "Feature", "properties": { "id": null, "Name": null, "description": null, "timestamp": null, "begin": null, "end": null, "altitudeMode": null, "tessellate": -1, "extrude": 0, "visibility": -1, "drawOrder": null, "icon": null }, "geometry": { "type": "MultiPolygon", "coordinates": [ [ [ [ -37.628019887290797, -9.366594540551549 ], [ -37.627995736058402, -9.36660947040431 ], [ -37.628018569950797, -9.366642403903031 ], [ -37.6280431602965, -9.36662615671033 ], [ -37.628019887290797, -9.366594540551549 ] ] ] ] } },
{ "type": "Feature", "properties": { "id": null, "Name": null, "description": null, "timestamp": null, "begin": null, "end": null, "altitudeMode": null, "tessellate": -1, "extrude": 0, "visibility": -1, "drawOrder": null, "icon": null }, "geometry": { "type": "MultiPolygon", "coordinates": [ [ [ [ -37.627863123836804, -9.366691584594451 ], [ -37.627843802850897, -9.36670475799394 ], [ -37.6278587327037, -9.366735056812759 ], [ -37.627884640389297, -9.36671749228011 ], [ -37.627863123836804, -9.366691584594451 ] ] ] ] } },
{ "type": "Feature", "properties": { "id": null, "Name": null, "description": null, "timestamp": null, "begin": null, "end": null, "altitudeMode": null, "tessellate": -1, "extrude": 0, "visibility": -1, "drawOrder": null, "icon": null }, "geometry": { "type": "MultiPolygon", "coordinates": [ [ [ [ -37.627856537137099, -9.366676654741701 ], [ -37.627838972604501, -9.36664372124298 ], [ -37.627813943145398, -9.36666128577563 ], [ -37.627832385904703, -9.36669246282108 ], [ -37.627856537137099, -9.366676654741701 ] ] ] ] } },
{ "type": "Feature", "properties": { "id": null, "Name": null, "description": null, "timestamp": null, "begin": null, "end": null, "altitudeMode": null, "tessellate": -1, "extrude": 0, "visibility": -1, "drawOrder": null, "icon": null }, "geometry": { "type": "MultiPolygon", "coordinates": [ [ [ [ -37.6238474325596, -9.36891525442805 ], [ -37.623827672460301, -9.368881003589379 ], [ -37.623800008321403, -9.368895933442129 ], [ -37.623820646647303, -9.36893325807401 ], [ -37.6238474325596, -9.36891525442805 ] ] ] ] } },
{ "type": "Feature", "properties": { "id": null, "Name": null, "description": null, "timestamp": null, "begin": null, "end": null, "altitudeMode": null, "tessellate": -1, "extrude": 0, "visibility": -1, "drawOrder": null, "icon": null }, "geometry": { "type": "MultiPolygon", "coordinates": [ [ [ [ -37.623882122511503, -9.36897190004585 ], [ -37.623868509998701, -9.36893852743381 ], [ -37.623834259160098, -9.36895653107978 ], [ -37.623852262805997, -9.368991221031759 ], [ -37.623882122511503, -9.36897190004585 ] ] ] ] } },
{ "type": "Feature", "properties": { "id": null, "Name": null, "description": null, "timestamp": null, "begin": null, "end": null, "altitudeMode": null, "tessellate": -1, "extrude": 0, "visibility": -1, "drawOrder": null, "icon": null }, "geometry": { "type": "MultiPolygon", "coordinates": [ [ [ [ -37.8074494923587, -9.33276173775953 ], [ -37.807303706737699, -9.33276173775953 ], [ -37.807304584964299, -9.33289434998105 ], [ -37.807452127038601, -9.332892593527779 ], [ -37.8074494923587, -9.33276173775953 ] ] ] ] } },
{ "type": "Feature", "properties": { "id": null, "Name": null, "description": null, "timestamp": null, "begin": null, "end": null, "altitudeMode": null, "tessellate": -1, "extrude": 0, "visibility": -1, "drawOrder": null, "icon": null }, "geometry": { "type": "MultiPolygon", "coordinates": [ [ [ [ -37.807060437960502, -9.33275207726658 ], [ -37.806917287019402, -9.33273978209372 ], [ -37.806910261206298, -9.332875028995129 ], [ -37.807052533920803, -9.332889958847881 ], [ -37.807060437960502, -9.33275207726658 ] ] ] ] } },
{ "type": "Feature", "properties": { "id": null, "Name": null, "description": null, "timestamp": null, "begin": null, "end": null, "altitudeMode": null, "tessellate": -1, "extrude": 0, "visibility": -1, "drawOrder": null, "icon": null }, "geometry": { "type": "MultiPolygon", "coordinates": [ [ [ [ -37.819604588066397, -9.330472640041821 ], [ -37.819668698610599, -9.330399308118009 ], [ -37.8196383997917, -9.33036857018587 ], [ -37.819531695255897, -9.33040589481775 ], [ -37.819604588066397, -9.330472640041821 ] ] ] ] } },
{ "type": "Feature", "properties": { "id": null, "Name": null, "description": null, "timestamp": null, "begin": null, "end": null, "altitudeMode": null, "tessellate": -1, "extrude": 0, "visibility": -1, "drawOrder": null, "icon": null }, "geometry": { "type": "MultiPolygon", "coordinates": [ [ [ [ -37.819427186286603, -9.330627647042469 ], [ -37.819372736235401, -9.330570123198029 ], [ -37.819341559190001, -9.330651798274859 ], [ -37.8193714188955, -9.3306799015271 ], [ -37.819427186286603, -9.330627647042469 ] ] ] ] } },
{ "type": "Feature", "properties": { "id": null, "Name": null, "description": null, "timestamp": null, "begin": null, "end": null, "altitudeMode": null, "tessellate": -1, "extrude": 0, "visibility": -1, "drawOrder": null, "icon": null }, "geometry": { "type": "MultiPolygon", "coordinates": [ [ [ [ -37.860391628448198, -9.347081223003141 ], [ -37.860337617510297, -9.34701228221248 ], [ -37.860286680365597, -9.347086053249621 ], [ -37.860316979184503, -9.347122060541549 ], [ -37.860391628448198, -9.347081223003141 ] ] ] ] } },
{ "type": "Feature", "properties": { "id": null, "Name": null, "description": null, "timestamp": null, "begin": null, "end": null, "altitudeMode": null, "tessellate": -1, "extrude": 0, "visibility": -1, "drawOrder": null, "icon": null }, "geometry": { "type": "MultiPolygon", "coordinates": [ [ [ [ -37.858957484357298, -9.344924298393609 ], [ -37.858856049181199, -9.34487687415546 ], [ -37.858863514107597, -9.344973918198351 ], [ -37.858912694799002, -9.34499367829758 ], [ -37.858957484357298, -9.344924298393609 ] ] ] ] } },
{ "type": "Feature", "properties": { "id": null, "Name": null, "description": null, "timestamp": null, "begin": null, "end": null, "altitudeMode": null, "tessellate": -1, "extrude": 0, "visibility": -1, "drawOrder": null, "icon": null }, "geometry": { "type": "MultiPolygon", "coordinates": [ [ [ [ -37.858203965906597, -9.3446783949365 ], [ -37.858134586002599, -9.34465336547747 ], [ -37.858138538022502, -9.34472889296787 ], [ -37.858170593294503, -9.34473943168746 ], [ -37.858203965906597, -9.3446783949365 ] ] ] ] } },
{ "type": "Feature", "properties": { "id": null, "Name": null, "description": null, "timestamp": null, "begin": null, "end": null, "altitudeMode": null, "tessellate": -1, "extrude": 0, "visibility": -1, "drawOrder": null, "icon": null }, "geometry": { "type": "MultiPolygon", "coordinates": [ [ [ [ -37.855872713310497, -9.34259041111763 ], [ -37.8558358277919, -9.34254342599279 ], [ -37.855798064046802, -9.34260094983722 ], [ -37.8558156285794, -9.34262246638972 ], [ -37.855872713310497, -9.34259041111763 ] ] ] ] } },
{ "type": "Feature", "properties": { "id": null, "Name": null, "description": null, "timestamp": null, "begin": null, "end": null, "altitudeMode": null, "tessellate": -1, "extrude": 0, "visibility": -1, "drawOrder": null, "icon": null }, "geometry": { "type": "MultiPolygon", "coordinates": [ [ [ [ -37.854484676117799, -9.34129195304142 ], [ -37.854458768432103, -9.34124408968994 ], [ -37.854427152273402, -9.341283609888411 ], [ -37.854435934539701, -9.34130117442106 ], [ -37.854484676117799, -9.34129195304142 ] ] ] ] } },
{ "type": "Feature", "properties": { "id": null, "Name": null, "description": null, "timestamp": null, "begin": null, "end": null, "altitudeMode": null, "tessellate": -1, "extrude": 0, "visibility": -1, "drawOrder": null, "icon": null }, "geometry": { "type": "MultiPolygon", "coordinates": [ [ [ [ -37.8545580080416, -9.33931572356154 ], [ -37.854519366069802, -9.33934119213388 ], [ -37.854524854986202, -9.33937434518926 ], [ -37.854567888091204, -9.33937324740597 ], [ -37.8545580080416, -9.33931572356154 ] ] ] ] } },
{ "type": "Feature", "properties": { "id": null, "Name": null, "description": null, "timestamp": null, "begin": null, "end": null, "altitudeMode": null, "tessellate": -1, "extrude": 0, "visibility": -1, "drawOrder": null, "icon": null }, "geometry": { "type": "MultiPolygon", "coordinates": [ [ [ [ -37.849105098880202, -9.33720863831341 ], [ -37.849046257695797, -9.33719326934734 ], [ -37.8490607484352, -9.337243767378711 ], [ -37.849083582327701, -9.337249036738511 ], [ -37.849105098880202, -9.33720863831341 ] ] ] ] } },
{ "type": "Feature", "properties": { "id": null, "Name": null, "description": null, "timestamp": null, "begin": null, "end": null, "altitudeMode": null, "tessellate": -1, "extrude": 0, "visibility": -1, "drawOrder": null, "icon": null }, "geometry": { "type": "MultiPolygon", "coordinates": [ [ [ [ -37.8420485478877, -9.33769210207463 ], [ -37.841979607097102, -9.33764599517642 ], [ -37.841965116357599, -9.33772196178014 ], [ -37.841994536949798, -9.337739965426101 ], [ -37.8420485478877, -9.33769210207463 ] ] ] ] } },
{ "type": "Feature", "properties": { "id": null, "Name": null, "description": null, "timestamp": null, "begin": null, "end": null, "altitudeMode": null, "tessellate": -1, "extrude": 0, "visibility": -1, "drawOrder": null, "icon": null }, "geometry": { "type": "MultiPolygon", "coordinates": [ [ [ [ -37.832709924990603, -9.331256018198051 ], [ -37.832636153953501, -9.331224402039281 ], [ -37.832630884593698, -9.331292025489979 ], [ -37.832669965678797, -9.331308272682691 ], [ -37.832709924990603, -9.331256018198051 ] ] ] ] } },
{ "type": "Feature", "properties": { "id": null, "Name": null, "description": null, "timestamp": null, "begin": null, "end": null, "altitudeMode": null, "tessellate": -1, "extrude": 0, "visibility": -1, "drawOrder": null, "icon": null }, "geometry": { "type": "MultiPolygon", "coordinates": [ [ [ [ -37.813160161036897, -9.330584613937461 ], [ -37.813003836696303, -9.330650480934899 ], [ -37.813136448917803, -9.330781336703151 ], [ -37.813179482022797, -9.330768163303659 ], [ -37.813160161036897, -9.330584613937461 ] ] ] ] } },
{ "type": "Feature", "properties": { "id": null, "Name": null, "description": null, "timestamp": null, "begin": null, "end": null, "altitudeMode": null, "tessellate": -1, "extrude": 0, "visibility": -1, "drawOrder": null, "icon": null }, "geometry": { "type": "MultiPolygon", "coordinates": [ [ [ [ -37.811242992298098, -9.33118268627422 ], [ -37.811227623332002, -9.33114799632224 ], [ -37.811143752688601, -9.33118312538754 ], [ -37.811156486974802, -9.33121737622621 ], [ -37.811242992298098, -9.33118268627422 ] ] ] ] } },
{ "type": "Feature", "properties": { "id": null, "Name": null, "description": null, "timestamp": null, "begin": null, "end": null, "altitudeMode": null, "tessellate": -1, "extrude": 0, "visibility": -1, "drawOrder": null, "icon": null }, "geometry": { "type": "MultiPolygon", "coordinates": [ [ [ [ -37.802721998395803, -9.33083095650789 ], [ -37.802728585095601, -9.33076948064361 ], [ -37.802669743911203, -9.33074181650468 ], [ -37.802637688639102, -9.3307962665559 ], [ -37.802721998395803, -9.33083095650789 ] ] ] ] } },
{ "type": "Feature", "properties": { "id": null, "Name": null, "description": null, "timestamp": null, "begin": null, "end": null, "altitudeMode": null, "tessellate": -1, "extrude": 0, "visibility": -1, "drawOrder": null, "icon": null }, "geometry": { "type": "MultiPolygon", "coordinates": [ [ [ [ -37.798443278242097, -9.32931513734011 ], [ -37.798353699125599, -9.329284399407969 ], [ -37.798337012819601, -9.329386273697351 ], [ -37.798393219323998, -9.3294064729099 ], [ -37.798443278242097, -9.32931513734011 ] ] ] ] } },
{ "type": "Feature", "properties": { "id": null, "Name": null, "description": null, "timestamp": null, "begin": null, "end": null, "altitudeMode": null, "tessellate": -1, "extrude": 0, "visibility": -1, "drawOrder": null, "icon": null }, "geometry": { "type": "MultiPolygon", "coordinates": [ [ [ [ -37.930768594092697, -9.35216870755171 ], [ -37.930871223108099, -9.352229099354989 ], [ -37.930920129353701, -9.35214091991217 ], [ -37.930777856639203, -9.35215055296054 ], [ -37.930768594092697, -9.35216870755171 ] ] ] ] } },
{ "type": "Feature", "properties": { "id": null, "Name": null, "description": null, "timestamp": null, "begin": null, "end": null, "altitudeMode": null, "tessellate": -1, "extrude": 0, "visibility": -1, "drawOrder": null, "icon": null }, "geometry": { "type": "MultiPolygon", "coordinates": [ [ [ [ -37.930707461285699, -9.35214166091589 ], [ -37.930660037047502, -9.35209497768145 ], [ -37.930622616359599, -9.352159074503341 ], [ -37.9307000512485, -9.35215685149217 ], [ -37.930707461285699, -9.35214166091589 ] ] ] ] } },
{ "type": "Feature", "properties": { "id": null, "Name": null, "description": null, "timestamp": null, "begin": null, "end": null, "altitudeMode": null, "tessellate": -1, "extrude": 0, "visibility": -1, "drawOrder": null, "icon": null }, "geometry": { "type": "MultiPolygon", "coordinates": [ [ [ [ -37.902975397019397, -9.357659545125861 ], [ -37.902892775104498, -9.35762805246771 ], [ -37.902881289546798, -9.357740314531471 ], [ -37.902937235327798, -9.35775921012636 ], [ -37.902975397019397, -9.357659545125861 ] ] ] ] } },
{ "type": "Feature", "properties": { "id": null, "Name": null, "description": null, "timestamp": null, "begin": null, "end": null, "altitudeMode": null, "tessellate": -1, "extrude": 0, "visibility": -1, "drawOrder": null, "icon": null }, "geometry": { "type": "MultiPolygon", "coordinates": [ [ [ [ -37.902987623580799, -9.35742427644438 ], [ -37.9029957746218, -9.3573394315183 ], [ -37.9029590949376, -9.35732201793085 ], [ -37.9029109296957, -9.357399082317849 ], [ -37.902987623580799, -9.35742427644438 ] ] ] ] } },
{ "type": "Feature", "properties": { "id": null, "Name": null, "description": null, "timestamp": null, "begin": null, "end": null, "altitudeMode": null, "tessellate": -1, "extrude": 0, "visibility": -1, "drawOrder": null, "icon": null }, "geometry": { "type": "MultiPolygon", "coordinates": [ [ [ [ -37.905361799503602, -9.356672157667351 ], [ -37.9053151162692, -9.356561007109169 ], [ -37.905283994112899, -9.35657138116127 ], [ -37.905269915042197, -9.3567017978162 ], [ -37.905361799503602, -9.356672157667351 ] ] ] ] } },
{ "type": "Feature", "properties": { "id": null, "Name": null, "description": null, "timestamp": null, "begin": null, "end": null, "altitudeMode": null, "tessellate": -1, "extrude": 0, "visibility": -1, "drawOrder": null, "icon": null }, "geometry": { "type": "MultiPolygon", "coordinates": [ [ [ [ -37.905123196305397, -9.35699745830096 ], [ -37.905021678795599, -9.35706118462099 ], [ -37.905102448201198, -9.35712194692613 ], [ -37.905142462402097, -9.35709749380333 ], [ -37.905123196305397, -9.35699745830096 ] ] ] ] } },
{ "type": "Feature", "properties": { "id": null, "Name": null, "description": null, "timestamp": null, "begin": null, "end": null, "altitudeMode": null, "tessellate": -1, "extrude": 0, "visibility": -1, "drawOrder": null, "icon": null }, "geometry": { "type": "MultiPolygon", "coordinates": [ [ [ [ -37.884096845214202, -9.35583667597167 ], [ -37.884024226849498, -9.35586779812796 ], [ -37.8840827661435, -9.355935970470309 ], [ -37.884114629303497, -9.355920409392169 ], [ -37.884096845214202, -9.35583667597167 ] ] ] ] } },
{ "type": "Feature", "properties": { "id": null, "Name": null, "description": null, "timestamp": null, "begin": null, "end": null, "altitudeMode": null, "tessellate": -1, "extrude": 0, "visibility": -1, "drawOrder": null, "icon": null }, "geometry": { "type": "MultiPolygon", "coordinates": [ [ [ [ -37.884007924767701, -9.35562586041298 ], [ -37.883972727090899, -9.355569544130169 ], [ -37.883953090492298, -9.35557806567296 ], [ -37.8839630940425, -9.355644385506009 ], [ -37.884007924767701, -9.35562586041298 ] ] ] ] } },
{ "type": "Feature", "properties": { "id": null, "Name": null, "description": null, "timestamp": null, "begin": null, "end": null, "altitudeMode": null, "tessellate": -1, "extrude": 0, "visibility": -1, "drawOrder": null, "icon": null }, "geometry": { "type": "MultiPolygon", "coordinates": [ [ [ [ -37.877483016500598, -9.356639553503589 ], [ -37.877398912578201, -9.35664585203522 ], [ -37.8774411497903, -9.356772193169689 ], [ -37.877479311481999, -9.3567710816641 ], [ -37.877483016500598, -9.356639553503589 ] ] ] ] } },
{ "type": "Feature", "properties": { "id": null, "Name": null, "description": null, "timestamp": null, "begin": null, "end": null, "altitudeMode": null, "tessellate": -1, "extrude": 0, "visibility": -1, "drawOrder": null, "icon": null }, "geometry": { "type": "MultiPolygon", "coordinates": [ [ [ [ -37.877467084920603, -9.35640206181094 ], [ -37.8774489303294, -9.356286094728571 ], [ -37.877401506091203, -9.35628831773974 ], [ -37.8773870565187, -9.356407248836989 ], [ -37.877467084920603, -9.35640206181094 ] ] ] ] } },
{ "type": "Feature", "properties": { "id": null, "Name": null, "description": null, "timestamp": null, "begin": null, "end": null, "altitudeMode": null, "tessellate": -1, "extrude": 0, "visibility": -1, "drawOrder": null, "icon": null }, "geometry": { "type": "MultiPolygon", "coordinates": [ [ [ [ -37.874781687434897, -9.35576776262559 ], [ -37.874718702118599, -9.355711816844639 ], [ -37.874679428921397, -9.355809258833981 ], [ -37.874720184125998, -9.355840380990269 ], [ -37.874781687434897, -9.35576776262559 ] ] ] ] } },
{ "type": "Feature", "properties": { "id": null, "Name": null, "description": null, "timestamp": null, "begin": null, "end": null, "altitudeMode": null, "tessellate": -1, "extrude": 0, "visibility": -1, "drawOrder": null, "icon": null }, "geometry": { "type": "MultiPolygon", "coordinates": [ [ [ [ -37.874931370186601, -9.355579177178541 ], [ -37.874978794424699, -9.355484699204091 ], [ -37.874946931264702, -9.355459505077571 ], [ -37.8748594928256, -9.35552397240131 ], [ -37.874931370186601, -9.355579177178541 ] ] ] ] } },
{ "type": "Feature", "properties": { "id": null, "Name": null, "description": null, "timestamp": null, "begin": null, "end": null, "altitudeMode": null, "tessellate": -1, "extrude": 0, "visibility": -1, "drawOrder": null, "icon": null }, "geometry": { "type": "MultiPolygon", "coordinates": [ [ [ [ -37.874110708565297, -9.35496340308622 ], [ -37.874166283844403, -9.354878928662 ], [ -37.8741270106472, -9.35485002951688 ], [ -37.874046982245297, -9.354919683866671 ], [ -37.874110708565297, -9.35496340308622 ] ] ] ] } },
{ "type": "Feature", "properties": { "id": null, "Name": null, "description": null, "timestamp": null, "begin": null, "end": null, "altitudeMode": null, "tessellate": -1, "extrude": 0, "visibility": -1, "drawOrder": null, "icon": null }, "geometry": { "type": "MultiPolygon", "coordinates": [ [ [ [ -37.872710582034102, -9.35421387782222 ], [ -37.872647596717798, -9.354163489569171 ], [ -37.872617956569002, -9.354246111484089 ], [ -37.872657229766197, -9.354270935108749 ], [ -37.872710582034102, -9.35421387782222 ] ] ] ] } },
{ "type": "Feature", "properties": { "id": null, "Name": null, "description": null, "timestamp": null, "begin": null, "end": null, "altitudeMode": null, "tessellate": -1, "extrude": 0, "visibility": -1, "drawOrder": null, "icon": null }, "geometry": { "type": "MultiPolygon", "coordinates": [ [ [ [ -37.868834391568498, -9.352204275730291 ], [ -37.868798823389902, -9.352125729335841 ], [ -37.868747323631297, -9.3521750060833 ], [ -37.868766219226103, -9.35221502028425 ], [ -37.868834391568498, -9.352204275730291 ] ] ] ] } },
{ "type": "Feature", "properties": { "id": null, "Name": null, "description": null, "timestamp": null, "begin": null, "end": null, "altitudeMode": null, "tessellate": -1, "extrude": 0, "visibility": -1, "drawOrder": null, "icon": null }, "geometry": { "type": "MultiPolygon", "coordinates": [ [ [ [ -37.868402756900899, -9.351089065129869 ], [ -37.868436472570203, -9.35101274174659 ], [ -37.868414983462301, -9.350995698661 ], [ -37.868340142086403, -9.35105127394009 ], [ -37.868402756900899, -9.351089065129869 ] ] ] ] } },
{ "type": "Feature", "properties": { "id": null, "Name": null, "description": null, "timestamp": null, "begin": null, "end": null, "altitudeMode": null, "tessellate": -1, "extrude": 0, "visibility": -1, "drawOrder": null, "icon": null }, "geometry": { "type": "MultiPolygon", "coordinates": [ [ [ [ -37.867092662321802, -9.351176503568979 ], [ -37.867025601484997, -9.351140194386639 ], [ -37.867019673455196, -9.3512139242569 ], [ -37.867043385574298, -9.351226150818301 ], [ -37.867092662321802, -9.351176503568979 ] ] ] ] } },
{ "type": "Feature", "properties": { "id": null, "Name": null, "description": null, "timestamp": null, "begin": null, "end": null, "altitudeMode": null, "tessellate": -1, "extrude": 0, "visibility": -1, "drawOrder": null, "icon": null }, "geometry": { "type": "MultiPolygon", "coordinates": [ [ [ [ -37.867201404617902, -9.35095827797308 ], [ -37.867224190482297, -9.350891031885389 ], [ -37.867202145621597, -9.350879175825851 ], [ -37.8671432358258, -9.350929564078889 ], [ -37.867201404617902, -9.35095827797308 ] ] ] ] } },
{ "type": "Feature", "properties": { "id": null, "Name": null, "description": null, "timestamp": null, "begin": null, "end": null, "altitudeMode": null, "tessellate": -1, "extrude": 0, "visibility": -1, "drawOrder": null, "icon": null }, "geometry": { "type": "MultiPolygon", "coordinates": [ [ [ [ -37.8661415840456, -9.35001887050552 ], [ -37.866154922112599, -9.349921799018039 ], [ -37.866120835941402, -9.349907719947341 ], [ -37.866049699584202, -9.349992194371559 ], [ -37.8661415840456, -9.35001887050552 ] ] ] ] } },
{ "type": "Feature", "properties": { "id": null, "Name": null, "description": null, "timestamp": null, "begin": null, "end": null, "altitudeMode": null, "tessellate": -1, "extrude": 0, "visibility": -1, "drawOrder": null, "icon": null }, "geometry": { "type": "MultiPolygon", "coordinates": [ [ [ [ -37.866171594696297, -9.350310825971681 ], [ -37.866096753320498, -9.35025821470747 ], [ -37.8660819332461, -9.35035417468937 ], [ -37.866115278413503, -9.35037899831403 ], [ -37.866171594696297, -9.350310825971681 ] ] ] ] } },
{ "type": "Feature", "properties": { "id": null, "Name": null, "description": null, "timestamp": null, "begin": null, "end": null, "altitudeMode": null, "tessellate": -1, "extrude": 0, "visibility": -1, "drawOrder": null, "icon": null }, "geometry": { "type": "MultiPolygon", "coordinates": [ [ [ [ -37.865372792684902, -9.35012928005998 ], [ -37.8652972103053, -9.350124093033941 ], [ -37.865307954859297, -9.350213013480481 ], [ -37.865353156086201, -9.350221905525141 ], [ -37.865372792684902, -9.35012928005998 ] ] ] ] } },
{ "type": "Feature", "properties": { "id": null, "Name": null, "description": null, "timestamp": null, "begin": null, "end": null, "altitudeMode": null, "tessellate": -1, "extrude": 0, "visibility": -1, "drawOrder": null, "icon": null }, "geometry": { "type": "MultiPolygon", "coordinates": [ [ [ [ -37.865184948241499, -9.349878820802219 ], [ -37.865192728780599, -9.349790641359389 ], [ -37.865149380062903, -9.349784713329621 ], [ -37.865105660843398, -9.349866964742681 ], [ -37.865184948241499, -9.349878820802219 ] ] ] ] } },
{ "type": "Feature", "properties": { "id": null, "Name": null, "description": null, "timestamp": null, "begin": null, "end": null, "altitudeMode": null, "tessellate": -1, "extrude": 0, "visibility": -1, "drawOrder": null, "icon": null }, "geometry": { "type": "MultiPolygon", "coordinates": [ [ [ [ -37.863964515112698, -9.349609465949561 ], [ -37.863893378755499, -9.34956055970396 ], [ -37.8638722601494, -9.349650221154221 ], [ -37.863899677287101, -9.34966985775284 ], [ -37.863964515112698, -9.349609465949561 ] ] ] ] } },
{ "type": "Feature", "properties": { "id": null, "Name": null, "description": null, "timestamp": null, "begin": null, "end": null, "altitudeMode": null, "tessellate": -1, "extrude": 0, "visibility": -1, "drawOrder": null, "icon": null }, "geometry": { "type": "MultiPolygon", "coordinates": [ [ [ [ -37.864167920634202, -9.34945126165508 ], [ -37.864189039240202, -9.349379384294121 ], [ -37.864164586117397, -9.34936419371784 ], [ -37.864110122343902, -9.349413470465301 ], [ -37.864167920634202, -9.34945126165508 ] ] ] ] } },
{ "type": "Feature", "properties": { "id": null, "Name": null, "description": null, "timestamp": null, "begin": null, "end": null, "altitudeMode": null, "tessellate": -1, "extrude": 0, "visibility": -1, "drawOrder": null, "icon": null }, "geometry": { "type": "MultiPolygon", "coordinates": [ [ [ [ -37.862943782486703, -9.34898035379025 ], [ -37.8628756101444, -9.3489366345707 ], [ -37.862868200107201, -9.34901925648562 ], [ -37.862892282728097, -9.349035558567479 ], [ -37.862943782486703, -9.34898035379025 ] ] ] ] } },
{ "type": "Feature", "properties": { "id": null, "Name": null, "description": null, "timestamp": null, "begin": null, "end": null, "altitudeMode": null, "tessellate": -1, "extrude": 0, "visibility": -1, "drawOrder": null, "icon": null }, "geometry": { "type": "MultiPolygon", "coordinates": [ [ [ [ -37.849040700167599, -9.336974982001079 ], [ -37.849051074219702, -9.336899770123379 ], [ -37.849022175074502, -9.33689310108989 ], [ -37.848981419869901, -9.33696016192666 ], [ -37.849040700167599, -9.336974982001079 ] ] ] ] } },
{ "type": "Feature", "properties": { "id": null, "Name": null, "description": null, "timestamp": null, "begin": null, "end": null, "altitudeMode": null, "tessellate": -1, "extrude": 0, "visibility": -1, "drawOrder": null, "icon": null }, "geometry": { "type": "MultiPolygon", "coordinates": [ [ [ [ -37.843937407539599, -9.33816058795502 ], [ -37.843821069955403, -9.338142803865709 ], [ -37.843809954899598, -9.33821097620806 ], [ -37.8439299975024, -9.338229130799229 ], [ -37.843937407539599, -9.33816058795502 ] ] ] ] } },
{ "type": "Feature", "properties": { "id": null, "Name": null, "description": null, "timestamp": null, "begin": null, "end": null, "altitudeMode": null, "tessellate": -1, "extrude": 0, "visibility": -1, "drawOrder": null, "icon": null }, "geometry": { "type": "MultiPolygon", "coordinates": [ [ [ [ -37.832745287334497, -9.331042876710949 ], [ -37.832760848412597, -9.330939136189979 ], [ -37.832705273133499, -9.33092061109695 ], [ -37.832650438858202, -9.33101545957326 ], [ -37.832745287334497, -9.331042876710949 ] ] ] ] } },
{ "type": "Feature", "properties": { "id": null, "Name": null, "description": null, "timestamp": null, "begin": null, "end": null, "altitudeMode": null, "tessellate": -1, "extrude": 0, "visibility": -1, "drawOrder": null, "icon": null }, "geometry": { "type": "MultiPolygon", "coordinates": [ [ [ [ -37.816900404763899, -9.329166655288841 ], [ -37.816830750414098, -9.32917406532605 ], [ -37.816866318592702, -9.32928595688796 ], [ -37.816905591789897, -9.329282251869349 ], [ -37.816900404763899, -9.329166655288841 ] ] ] ] } },
{ "type": "Feature", "properties": { "id": null, "Name": null, "description": null, "timestamp": null, "begin": null, "end": null, "altitudeMode": null, "tessellate": -1, "extrude": 0, "visibility": -1, "drawOrder": null, "icon": null }, "geometry": { "type": "MultiPolygon", "coordinates": [ [ [ [ -37.816878174652302, -9.32893916714643 ], [ -37.8168563150425, -9.32884691218314 ], [ -37.816818523852703, -9.32884839419058 ], [ -37.816814448332202, -9.3289450951762 ], [ -37.816878174652302, -9.32893916714643 ] ] ] ] } },
{ "type": "Feature", "properties": { "id": null, "Name": null, "description": null, "timestamp": null, "begin": null, "end": null, "altitudeMode": null, "tessellate": -1, "extrude": 0, "visibility": -1, "drawOrder": null, "icon": null }, "geometry": { "type": "MultiPolygon", "coordinates": [ [ [ [ -37.813412129746297, -9.33024185168831 ], [ -37.813416575768599, -9.33008624090686 ], [ -37.813369892534197, -9.33009957897384 ], [ -37.813286159113702, -9.33028779391903 ], [ -37.813412129746297, -9.33024185168831 ] ] ] ] } }
]
}
